gfx,cu_num,M,N,K,q_dtype_w,libtype,kernelId,splitK,us,kernelName,tflops,bw,errRatio
gfx950,256,1,576,7168,torch.float8_e4m3fn,flydsl,961,7,5.0341,flydsl_bpreshuflle_16x64x512_F8_F8_B16_0x4x0x2_default_ks7,1.64,821.81,0.0
gfx950,256,2,576,7168,torch.float8_e4m3fn,flydsl,961,7,5.0499,flydsl_bpreshuflle_16x64x512_F8_F8_B16_0x4x0x2_default_ks7,3.27,820.89,0.0
gfx950,256,4,576,7168,torch.float8_e4m3fn,flydsl,2116,14,5.5256,flydsl_bpreshuflle_16x64x256_F8_F8_B16_0x4x0x1_default_ks14,5.98,753.23,0.0
gfx950,256,8,576,7168,torch.float8_e4m3fn,flydsl,373,7,5.2815,flydsl_bpreshuflle_16x64x512_F8_F8_B16_1x1x0x2_default_ks7,12.51,794.34,0.0
gfx950,256,16,576,7168,torch.float8_e4m3fn,flydsl,373,7,5.4885,flydsl_bpreshuflle_16x64x512_F8_F8_B16_1x1x0x2_default_ks7,24.07,776.51,0.0
gfx950,256,32,576,7168,torch.float8_e4m3fn,flydsl,961,7,6.0091,flydsl_bpreshuflle_16x64x512_F8_F8_B16_0x4x0x2_default_ks7,43.97,731.39,0.0
gfx950,256,64,576,7168,torch.float8_e4m3fn,flydsl,2330,0,7.9182,flydsl_bpreshuflle_16x32x1024_F8_F8_B16_0x1x0x2_default,66.74,588.68,0.0
gfx950,256,128,576,7168,torch.float8_e4m3fn,flydsl,2409,0,8.0548,flydsl_bpreshuflle_16x32x1024_F8_F8_B16_0x2x4x1_default,131.22,644.8,0.0
gfx950,256,256,576,7168,torch.float8_e4m3fn,flydsl,2349,0,9.6835,flydsl_bpreshuflle_16x32x1024_F8_F8_B16_0x2x4x2_default,218.3,646.32,0.0
gfx950,256,512,576,7168,torch.float8_e4m3fn,flydsl,2335,0,12.4165,flydsl_bpreshuflle_32x32x1024_F8_F8_B16_0x1x4x2_default,340.5,675.6,0.0
gfx950,256,1024,576,7168,torch.float8_e4m3fn,flydsl,2341,0,17.638,flydsl_bpreshuflle_32x32x512_F8_F8_B16_1x1x4x2_default,479.4,717.11,0.0
gfx950,256,2048,576,7168,torch.float8_e4m3fn,cktile,217,0,22.0234,a8w8_bpreshuffle_cktile_0x0x8x4x1x0x0x0x0x4_48x64x256_1x4x1_16x16x128_default,767.88,961.17,0.0
gfx950,256,4096,576,7168,torch.float8_e4m3fn,flydsl,150,0,31.3258,flydsl_bpreshuflle_64x192x256_F8_F8_B16_1x0x0x2_default,1079.71,1219.68,0.0
gfx950,256,8192,576,7168,torch.float8_e4m3fn,flydsl,477,0,48.747,flydsl_bpreshuflle_112x192x256_F8_F8_B16_1x1x4x2_default,1387.69,1482.89,0.0
gfx950,256,16384,576,7168,torch.float8_e4m3fn,flydsl,1633,0,74.0965,flydsl_bpreshuflle_112x192x256_F8_F8_B16_1x1x4x1_default,1825.88,1895.42,0.0
gfx950,256,32768,576,7168,torch.float8_e4m3fn,ck,68,0,137.1244,a8w8_bpreshuffle_256x128x192x128_16x16_16x16_8x32x1_8x32x1_1x32x1x8_8x8x1_2x1_intrawave_v3,1973.27,2018.3,0.0
gfx950,256,1,1536,128,torch.float8_e4m3fn,cktile,15,0,2.8909,a8w8_bpreshuffle_cktile_0x0x8x4x1x0x0x0x0x1_32x64x128_1x4x1_16x16x128_default,0.14,69.12,0.0
gfx950,256,1,1536,1536,torch.float8_e4m3fn,flydsl,2350,0,3.4888,flydsl_bpreshuflle_16x32x512_F8_F8_B16_1x2x0x2_default,1.35,677.57,0.0
gfx950,256,1,1536,7168,torch.float8_e4m3fn,flydsl,187,7,5.8969,flydsl_bpreshuflle_16x64x512_F8_F8_B16_1x0x4x2_default_ks7,3.73,1868.83,0.0
gfx950,256,2,1536,128,torch.float8_e4m3fn,cktile,165,0,2.7639,a8w8_bpreshuffle_cktile_0x0x8x4x1x0x0x0x0x4_32x64x128_1x4x1_16x16x128_default,0.28,73.45,0.0
gfx950,256,2,1536,1536,torch.float8_e4m3fn,flydsl,2336,0,3.4836,flydsl_bpreshuflle_16x32x512_F8_F8_B16_1x1x0x2_default,2.71,679.9,0.0
gfx950,256,2,1536,7168,torch.float8_e4m3fn,flydsl,2117,7,6.0302,flydsl_bpreshuflle_16x64x512_F8_F8_B16_0x4x0x1_default_ks7,7.3,1829.21,0.0
gfx950,256,4,1536,128,torch.float8_e4m3fn,cktile,15,0,2.9594,a8w8_bpreshuffle_cktile_0x0x8x4x1x0x0x0x0x1_32x64x128_1x4x1_16x16x128_default,0.53,70.76,0.0
gfx950,256,4,1536,1536,torch.float8_e4m3fn,flydsl,2350,0,3.5073,flydsl_bpreshuflle_16x32x512_F8_F8_B16_1x2x0x2_default,5.38,677.94,0.0
gfx950,256,4,1536,7168,torch.float8_e4m3fn,flydsl,435,7,5.9077,flydsl_bpreshuflle_16x64x512_F8_F8_B16_1x1x4x2_default_ks7,14.91,1870.61,0.0
gfx950,256,8,1536,128,torch.float8_e4m3fn,cktile,165,0,2.6116,a8w8_bpreshuffle_cktile_0x0x8x4x1x0x0x0x0x4_32x64x128_1x4x1_16x16x128_default,1.2,85.09,0.0
gfx950,256,8,1536,1536,torch.float8_e4m3fn,flydsl,2336,0,3.4659,flydsl_bpreshuflle_16x32x512_F8_F8_B16_1x1x0x2_default,10.89,691.35,0.0
gfx950,256,8,1536,7168,torch.float8_e4m3fn,flydsl,677,7,6.0842,flydsl_bpreshuflle_16x64x512_F8_F8_B16_1x2x4x2_default_ks7,28.95,1823.08,0.0
gfx950,256,16,1536,128,torch.float8_e4m3fn,cktile,15,0,3.4698,a8w8_bpreshuffle_cktile_0x0x8x4x1x0x0x0x0x1_32x64x128_1x4x1_16x16x128_default,1.81,71.42,0.0
gfx950,256,16,1536,1536,torch.float8_e4m3fn,flydsl,2320,0,3.5738,flydsl_bpreshuflle_16x32x512_F8_F8_B16_1x0x0x2_default,21.13,680.79,0.0
gfx950,256,16,1536,7168,torch.float8_e4m3fn,flydsl,1059,7,6.2957,flydsl_bpreshuflle_16x64x512_F8_F8_B16_1x4x0x2_default_ks7,55.96,1774.84,0.0
gfx950,256,32,1536,128,torch.float8_e4m3fn,flydsl,1412,0,2.7372,flydsl_bpreshuflle_32x64x128_F8_F8_B16_0x1x0x1_default,4.6,109.24,0.0
gfx950,256,32,1536,1536,torch.float8_e4m3fn,flydsl,2336,0,3.7038,flydsl_bpreshuflle_16x32x512_F8_F8_B16_1x1x0x2_default,40.77,676.81,0.0
gfx950,256,32,1536,7168,torch.float8_e4m3fn,flydsl,258,7,7.2576,flydsl_bpreshuflle_32x64x512_F8_F8_B16_0x1x0x2_default_ks7,97.09,1562.19,0.0
gfx950,256,48,1536,1536,torch.float8_e4m3fn,flydsl,2350,0,3.8251,flydsl_bpreshuflle_16x32x512_F8_F8_B16_1x2x0x2_default,59.21,674.62,0.0
gfx950,256,64,1536,128,torch.float8_e4m3fn,flydsl,1660,0,3.3145,flydsl_bpreshuflle_32x64x128_F8_F8_B16_0x2x0x1_default,7.59,121.11,0.0
gfx950,256,64,1536,1536,torch.float8_e4m3fn,flydsl,2320,0,3.9639,flydsl_bpreshuflle_16x32x512_F8_F8_B16_1x0x0x2_default,76.19,669.6,0.0
gfx950,256,64,1536,7168,torch.float8_e4m3fn,flydsl,2409,0,8.483,flydsl_bpreshuflle_16x32x1024_F8_F8_B16_0x2x4x1_default,166.13,1375.15,0.0
gfx950,256,128,1536,128,torch.float8_e4m3fn,flydsl,1900,0,2.7756,flydsl_bpreshuflle_32x64x128_F8_F8_B16_0x3x0x1_default,18.13,218.41,0.0
gfx950,256,128,1536,1536,torch.float8_e4m3fn,flydsl,2329,0,4.4501,flydsl_bpreshuflle_32x32x512_F8_F8_B16_0x1x0x2_default,135.72,662.71,0.0
gfx950,256,128,1536,7168,torch.float8_e4m3fn,flydsl,2379,0,9.7206,flydsl_bpreshuflle_32x32x1024_F8_F8_B16_0x0x4x1_default,289.96,1267.49,0.0
gfx950,256,256,1536,128,torch.float8_e4m3fn,flydsl,8,0,2.9494,flydsl_bpreshuflle_32x64x128_F8_F8_B16_0x0x0x2_default,34.13,344.41,0.0
gfx950,256,256,1536,1536,torch.float8_e4m3fn,flydsl,444,0,5.0603,flydsl_bpreshuflle_32x64x512_F8_F8_B16_1x1x4x2_default,238.71,699.35,0.0
gfx950,256,256,1536,7168,torch.float8_e4m3fn,flydsl,686,0,12.8178,flydsl_bpreshuflle_32x64x512_F8_F8_B16_1x2x4x2_default,439.79,1063.48,0.0
gfx950,256,512,1536,128,torch.float8_e4m3fn,flydsl,2124,0,3.0597,flydsl_bpreshuflle_32x64x128_F8_F8_B16_0x4x0x1_default,65.8,599.73,0.0
gfx950,256,512,1536,1536,torch.float8_e4m3fn,flydsl,914,0,6.2819,flydsl_bpreshuflle_32x64x512_F8_F8_B16_1x3x4x2_default,384.58,751.14,0.0
gfx950,256,512,1536,7168,torch.float8_e4m3fn,flydsl,2341,0,19.1231,flydsl_bpreshuflle_32x32x512_F8_F8_B16_1x1x4x2_default,589.56,849.91,0.0
gfx950,256,1024,1536,128,torch.float8_e4m3fn,flydsl,973,0,3.6346,flydsl_bpreshuflle_32x192x128_F8_F8_B16_0x4x0x2_default,110.78,955.65,0.0
gfx950,256,1024,1536,1536,torch.float8_e4m3fn,flydsl,698,0,7.8317,flydsl_bpreshuflle_64x64x256_F8_F8_B16_1x2x4x2_default,616.96,903.75,0.0
gfx950,256,1024,1536,7168,torch.float8_e4m3fn,flydsl,1129,0,23.781,flydsl_bpreshuflle_64x64x256_F8_F8_B16_1x4x4x2_default,948.18,903.91,0.0
gfx950,256,2048,1536,128,torch.float8_e4m3fn,flydsl,261,0,4.7023,flydsl_bpreshuflle_32x192x128_F8_F8_B16_0x1x0x2_default,171.26,1435.51,0.0
gfx950,256,2048,1536,1536,torch.float8_e4m3fn,flydsl,212,0,11.0239,flydsl_bpreshuflle_64x192x256_F8_F8_B16_1x0x4x2_default,876.61,1070.08,0.0
gfx950,256,2048,1536,7168,torch.float8_e4m3fn,flydsl,702,0,33.404,flydsl_bpreshuflle_64x192x256_F8_F8_B16_1x2x4x2_default,1350.05,957.42,0.0
gfx950,256,4096,1536,128,torch.float8_e4m3fn,flydsl,521,0,6.5872,flydsl_bpreshuflle_64x192x128_F8_F8_B16_0x2x0x2_default,244.51,2019.65,0.0
gfx950,256,4096,1536,1536,torch.float8_e4m3fn,flydsl,725,0,15.1781,flydsl_bpreshuflle_128x192x128_F8_F8_B16_1x2x4x2_default,1273.37,1398.97,0.0
gfx950,256,4096,1536,7168,torch.float8_e4m3fn,ck,149,0,51.975,a8w8_bpreshuffle_256x128x192x256_16x16_16x16_16x16x1_16x16x1_1x32x1x8_8x8x1_2x1_intrawave_v3,1735.34,1018.82,0.0
gfx950,256,8192,1536,128,torch.float8_e4m3fn,flydsl,273,0,10.0415,flydsl_bpreshuflle_64x192x128_F8_F8_B16_0x1x0x2_default,320.79,2630.19,0.0
gfx950,256,8192,1536,1536,torch.float8_e4m3fn,flydsl,1882,0,25.0975,flydsl_bpreshuflle_128x192x256_F8_F8_B16_1x2x4x1_default,1540.18,1598.09,0.0
gfx950,256,8192,1536,7168,torch.float8_e4m3fn,flydsl,1640,0,84.9833,flydsl_bpreshuflle_128x192x256_F8_F8_B16_1x1x4x1_default,2122.64,1116.64,0.0
gfx950,256,16384,1536,128,torch.float8_e4m3fn,flydsl,931,0,15.3636,flydsl_bpreshuflle_64x256x128_F8_F8_B16_1x3x4x2_default,419.33,3425.33,0.0
gfx950,256,16384,1536,1536,torch.float8_e4m3fn,flydsl,235,0,49.0188,flydsl_bpreshuflle_128x192x128_F8_F8_B16_1x0x4x2_default,1577.14,1588.3,0.0
gfx950,256,16384,1536,7168,torch.float8_e4m3fn,flydsl,667,0,156.303,flydsl_bpreshuflle_128x256x128_F8_F8_B16_1x2x0x2_default,2308.19,1143.82,0.0
gfx950,256,32768,1536,128,torch.float8_e4m3fn,flydsl,213,0,25.7514,flydsl_bpreshuflle_64x256x128_F8_F8_B16_1x0x4x2_default,500.36,4079.55,0.0
gfx950,256,32768,1536,1536,torch.float8_e4m3fn,flydsl,1000034,0,86.0373,flydsl_bpreshuffle_8w_256x256x128_F8_F8_B16_4x4,1797.11,1782.42,0.0
gfx950,256,32768,1536,7168,torch.float8_e4m3fn,ck,33,0,288.0491,a8w8_bpreshuffle_256x256x256x128_16x16_16x16_8x32x1_8x32x1_1x32x1x8_8x8x1_2x1_intrawave_v3,2504.97,1203.11,0.0
gfx950,256,1,2048,512,torch.float8_e4m3fn,flydsl,2005,0,2.7503,flydsl_bpreshuflle_16x64x512_F8_F8_B16_1x3x0x1_default,0.76,382.93,0.0
gfx950,256,2,2048,512,torch.float8_e4m3fn,flydsl,2005,0,2.7827,flydsl_bpreshuflle_16x64x512_F8_F8_B16_1x3x0x1_default,1.51,380.13,0.0
gfx950,256,4,2048,512,torch.float8_e4m3fn,flydsl,2005,0,3.397,flydsl_bpreshuflle_16x64x512_F8_F8_B16_1x3x0x1_default,2.47,314.1,0.0
gfx950,256,8,2048,512,torch.float8_e4m3fn,flydsl,2328,0,2.6966,flydsl_bpreshuflle_16x32x512_F8_F8_B16_0x1x0x2_default,6.22,402.52,0.0
gfx950,256,16,2048,512,torch.float8_e4m3fn,flydsl,2005,0,2.8285,flydsl_bpreshuflle_16x64x512_F8_F8_B16_1x3x0x1_default,11.86,396.78,0.0
gfx950,256,32,2048,512,torch.float8_e4m3fn,flydsl,2005,0,2.8386,flydsl_bpreshuflle_16x64x512_F8_F8_B16_1x3x0x1_default,23.64,421.35,0.0
gfx950,256,48,2048,512,torch.float8_e4m3fn,flydsl,2005,0,3.4718,flydsl_bpreshuflle_16x64x512_F8_F8_B16_1x3x0x1_default,28.99,365.74,0.0
gfx950,256,64,2048,512,torch.float8_e4m3fn,flydsl,2328,0,2.8468,flydsl_bpreshuflle_16x32x512_F8_F8_B16_0x1x0x2_default,47.15,471.93,0.0
gfx950,256,128,2048,512,torch.float8_e4m3fn,flydsl,2313,0,3.0242,flydsl_bpreshuflle_32x32x512_F8_F8_B16_0x0x0x2_default,88.76,541.76,0.0
gfx950,256,256,2048,512,torch.float8_e4m3fn,flydsl,1228,0,3.4922,flydsl_bpreshuflle_32x64x512_F8_F8_B16_0x0x4x1_default,153.73,638.06,0.0
gfx950,256,512,2048,512,torch.float8_e4m3fn,flydsl,1240,0,4.3473,flydsl_bpreshuflle_64x64x256_F8_F8_B16_0x0x4x1_default,246.99,783.91,0.0
gfx950,256,1024,2048,512,torch.float8_e4m3fn,flydsl,210,0,5.7334,flydsl_bpreshuflle_64x128x256_F8_F8_B16_1x0x4x2_default,374.56,1005.89,0.0
gfx950,256,2048,2048,512,torch.float8_e4m3fn,flydsl,90,0,7.3742,flydsl_bpreshuflle_64x256x256_F8_F8_B16_0x0x4x2_default,582.43,1421.95,0.0
gfx950,256,4096,2048,512,torch.float8_e4m3fn,flydsl,1880,0,10.9549,flydsl_bpreshuflle_128x128x256_F8_F8_B16_1x2x4x1_default,784.12,1818.63,0.0
gfx950,256,8192,2048,512,torch.float8_e4m3fn,flydsl,727,0,17.1397,flydsl_bpreshuflle_128x256x128_F8_F8_B16_1x2x4x2_default,1002.34,2263.59,0.0
gfx950,256,16384,2048,512,torch.float8_e4m3fn,flydsl,1517,0,33.5386,flydsl_bpreshuflle_128x256x128_F8_F8_B16_0x1x4x1_default,1024.48,2282.33,0.0
gfx950,256,32768,2048,512,torch.float8_e4m3fn,flydsl,727,0,63.245,flydsl_bpreshuflle_128x256x128_F8_F8_B16_1x2x4x2_default,1086.56,2404.04,0.0
gfx950,256,1,2176,7168,torch.float8_e4m3fn,flydsl,249,7,6.3084,flydsl_bpreshuflle_16x64x512_F8_F8_B16_0x1x0x2_default_ks7,4.95,2474.33,0.0
gfx950,256,2,2176,7168,torch.float8_e4m3fn,flydsl,125,7,6.5415,flydsl_bpreshuflle_16x64x512_F8_F8_B16_1x0x0x2_default_ks7,9.54,2387.92,0.0
gfx950,256,4,2176,7168,torch.float8_e4m3fn,flydsl,497,7,6.3485,flydsl_bpreshuflle_16x64x512_F8_F8_B16_0x2x0x2_default_ks7,19.66,2464.15,0.0
gfx950,256,8,2176,7168,torch.float8_e4m3fn,flydsl,1,7,6.4615,flydsl_bpreshuflle_16x64x512_F8_F8_B16_0x0x0x2_default_ks7,38.62,2428.19,0.0
gfx950,256,16,2176,7168,torch.float8_e4m3fn,flydsl,961,7,6.8142,flydsl_bpreshuflle_16x64x512_F8_F8_B16_0x4x0x2_default_ks7,73.25,2316.03,0.0
gfx950,256,32,2176,7168,torch.float8_e4m3fn,flydsl,1068,7,7.7552,flydsl_bpreshuflle_32x64x512_F8_F8_B16_1x4x0x2_default_ks7,128.72,2058.77,0.0
gfx950,256,64,2176,7168,torch.float8_e4m3fn,flydsl,2409,0,9.8419,flydsl_bpreshuflle_16x32x1024_F8_F8_B16_0x2x4x1_default,202.86,1659.73,0.0
gfx950,256,128,2176,7168,torch.float8_e4m3fn,flydsl,2335,0,11.5379,flydsl_bpreshuflle_32x32x1024_F8_F8_B16_0x1x4x2_default,346.07,1479.66,0.0
gfx950,256,256,2176,7168,torch.float8_e4m3fn,flydsl,2354,0,17.5163,flydsl_bpreshuflle_32x32x512_F8_F8_B16_1x2x4x2_default,455.92,1058.82,0.0
gfx950,256,512,2176,7168,torch.float8_e4m3fn,cktile,84,0,22.6955,a8w8_bpreshuffle_cktile_0x0x8x4x1x0x0x0x0x1_80x64x256_1x4x1_16x16x128_default,703.75,947.14,0.0
gfx950,256,1024,2176,7168,torch.float8_e4m3fn,cktile,92,0,31.5674,a8w8_bpreshuffle_cktile_0x0x8x4x1x0x0x0x0x1_80x128x256_1x4x1_16x16x128_default,1011.92,867.8,0.0
gfx950,256,2048,2176,7168,torch.float8_e4m3fn,flydsl,477,0,46.5356,flydsl_bpreshuflle_112x192x256_F8_F8_B16_1x1x4x2_default,1372.88,842.16,0.0
gfx950,256,4096,2176,7168,torch.float8_e4m3fn,flydsl,1000029,0,73.9852,flydsl_bpreshuffle_8w_256x256x128_F8_F8_B16_2x8,1727.04,848.6,0.0
gfx950,256,8192,2176,7168,torch.float8_e4m3fn,flydsl,235,0,121.7321,flydsl_bpreshuflle_128x192x128_F8_F8_B16_1x0x4x2_default,2099.29,903.37,0.0
gfx950,256,16384,2176,7168,torch.float8_e4m3fn,flydsl,1000028,0,222.521,flydsl_bpreshuffle_8w_256x256x128_F8_F8_B16_2x4,2296.87,918.3,0.0
gfx950,256,32768,2176,7168,torch.float8_e4m3fn,flydsl,1000029,0,398.7208,flydsl_bpreshuffle_8w_256x256x128_F8_F8_B16_2x8,2563.7,985.87,0.0
gfx950,256,1,2304,1536,torch.float8_e4m3fn,flydsl,849,0,4.5526,flydsl_bpreshuflle_16x64x512_F8_F8_B16_1x3x0x2_default,1.55,778.7,0.0
gfx950,256,2,2304,1536,torch.float8_e4m3fn,flydsl,1059,0,4.5926,flydsl_bpreshuflle_16x64x512_F8_F8_B16_1x4x0x2_default,3.08,773.25,0.0
gfx950,256,4,2304,1536,torch.float8_e4m3fn,flydsl,1059,0,5.0649,flydsl_bpreshuflle_16x64x512_F8_F8_B16_1x4x0x2_default,5.59,703.57,0.0
gfx950,256,8,2304,1536,torch.float8_e4m3fn,flydsl,1059,0,4.6395,flydsl_bpreshuflle_16x64x512_F8_F8_B16_1x4x0x2_default,12.2,773.38,0.0
gfx950,256,16,2304,1536,torch.float8_e4m3fn,flydsl,2336,0,4.7259,flydsl_bpreshuflle_16x32x512_F8_F8_B16_1x1x0x2_default,23.96,769.64,0.0
gfx950,256,32,2304,1536,torch.float8_e4m3fn,flydsl,2336,0,4.632,flydsl_bpreshuflle_16x32x512_F8_F8_B16_1x1x0x2_default,48.9,806.47,0.0
gfx950,256,64,2304,1536,torch.float8_e4m3fn,flydsl,249,0,4.8142,flydsl_bpreshuflle_16x64x512_F8_F8_B16_0x1x0x2_default,94.09,816.78,0.0
gfx950,256,128,2304,1536,torch.float8_e4m3fn,flydsl,746,0,5.1826,flydsl_bpreshuflle_32x64x512_F8_F8_B16_0x3x0x2_default,174.81,834.6,0.0
gfx950,256,256,2304,1536,torch.float8_e4m3fn,flydsl,802,0,6.3352,flydsl_bpreshuflle_32x64x512_F8_F8_B16_0x3x4x2_default,286.01,806.89,0.0
gfx950,256,512,2304,1536,torch.float8_e4m3fn,flydsl,208,0,7.8819,flydsl_bpreshuflle_64x64x256_F8_F8_B16_1x0x4x2_default,459.77,848.1,0.0
gfx950,256,1024,2304,1536,torch.float8_e4m3fn,flydsl,460,0,10.6156,flydsl_bpreshuflle_64x192x256_F8_F8_B16_1x1x4x2_default,682.75,926.03,0.0
gfx950,256,2048,2304,1536,torch.float8_e4m3fn,flydsl,1243,0,14.3381,flydsl_bpreshuflle_64x192x128_F8_F8_B16_0x0x4x1_default,1010.98,1124.41,0.0
gfx950,256,4096,2304,1536,torch.float8_e4m3fn,flydsl,483,0,20.8951,flydsl_bpreshuflle_128x192x128_F8_F8_B16_1x1x4x2_default,1387.46,1373.76,0.0
gfx950,256,8192,2304,1536,torch.float8_e4m3fn,flydsl,235,0,36.3141,flydsl_bpreshuflle_128x192x128_F8_F8_B16_1x0x4x2_default,1596.68,1483.46,0.0
gfx950,256,16384,2304,1536,torch.float8_e4m3fn,flydsl,483,0,64.9386,flydsl_bpreshuflle_128x192x128_F8_F8_B16_1x1x4x2_default,1785.75,1604.63,0.0
gfx950,256,32768,2304,1536,torch.float8_e4m3fn,flydsl,1640,0,124.7383,flydsl_bpreshuflle_128x192x256_F8_F8_B16_1x1x4x1_default,1859.32,1642.36,0.0
gfx950,256,1,3072,128,torch.float8_e4m3fn,cktile,164,0,3.3743,a8w8_bpreshuffle_cktile_0x0x8x4x1x0x0x0x0x3_32x64x128_1x4x1_16x16x128_default,0.23,118.39,0.0
gfx950,256,1,3072,512,torch.float8_e4m3fn,flydsl,1,0,2.8365,flydsl_bpreshuflle_16x64x512_F8_F8_B16_0x0x0x2_default,1.11,556.86,0.0
gfx950,256,2,3072,128,torch.float8_e4m3fn,cktile,164,0,3.4107,a8w8_bpreshuffle_cktile_0x0x8x4x1x0x0x0x0x3_32x64x128_1x4x1_16x16x128_default,0.46,118.97,0.0
gfx950,256,2,3072,512,torch.float8_e4m3fn,flydsl,497,0,3.4411,flydsl_bpreshuflle_16x64x512_F8_F8_B16_0x2x0x2_default,1.83,460.95,0.0
gfx950,256,4,3072,128,torch.float8_e4m3fn,cktile,164,0,3.3777,a8w8_bpreshuffle_cktile_0x0x8x4x1x0x0x0x0x3_32x64x128_1x4x1_16x16x128_default,0.93,123.84,0.0
gfx950,256,4,3072,512,torch.float8_e4m3fn,flydsl,2344,0,2.6774,flydsl_bpreshuflle_16x32x512_F8_F8_B16_0x2x0x2_default,4.7,597.4,0.0
gfx950,256,8,3072,128,torch.float8_e4m3fn,cktile,165,0,3.4614,a8w8_bpreshuffle_cktile_0x0x8x4x1x0x0x0x0x4_32x64x128_1x4x1_16x16x128_default,1.82,128.1,0.0
gfx950,256,8,3072,512,torch.float8_e4m3fn,flydsl,2344,0,2.7059,flydsl_bpreshuflle_16x32x512_F8_F8_B16_0x2x0x2_default,9.3,600.95,0.0
gfx950,256,16,3072,128,torch.float8_e4m3fn,cktile,164,0,3.4213,a8w8_bpreshuffle_cktile_0x0x8x4x1x0x0x0x0x3_32x64x128_1x4x1_16x16x128_default,3.68,144.26,0.0
gfx950,256,16,3072,512,torch.float8_e4m3fn,flydsl,2344,0,2.7173,flydsl_bpreshuflle_16x32x512_F8_F8_B16_0x2x0x2_default,18.52,618.03,0.0
gfx950,256,32,3072,128,torch.float8_e4m3fn,flydsl,968,0,2.8118,flydsl_bpreshuflle_32x64x128_F8_F8_B16_0x4x0x2_default,8.95,211.22,0.0
gfx950,256,32,3072,512,torch.float8_e4m3fn,flydsl,961,0,2.9897,flydsl_bpreshuflle_16x64x512_F8_F8_B16_0x4x0x2_default,33.67,597.34,0.0
gfx950,256,64,3072,128,torch.float8_e4m3fn,flydsl,1660,0,2.8386,flydsl_bpreshuflle_32x64x128_F8_F8_B16_0x2x0x1_default,17.73,279.94,0.0
gfx950,256,64,3072,512,torch.float8_e4m3fn,flydsl,970,0,3.1574,flydsl_bpreshuflle_32x64x512_F8_F8_B16_0x4x0x2_default,63.76,633.07,0.0
gfx950,256,128,3072,128,torch.float8_e4m3fn,flydsl,256,0,2.9089,flydsl_bpreshuflle_32x64x128_F8_F8_B16_0x1x0x2_default,34.61,411.16,0.0
gfx950,256,128,3072,512,torch.float8_e4m3fn,flydsl,10,0,3.4744,flydsl_bpreshuflle_32x64x512_F8_F8_B16_0x0x0x2_default,115.89,697.91,0.0
gfx950,256,256,3072,128,torch.float8_e4m3fn,flydsl,1425,0,3.1675,flydsl_bpreshuflle_64x64x128_F8_F8_B16_0x1x0x1_default,63.56,631.05,0.0
gfx950,256,256,3072,512,torch.float8_e4m3fn,flydsl,22,0,4.0387,flydsl_bpreshuflle_64x64x256_F8_F8_B16_0x0x0x2_default,199.4,811.35,0.0
gfx950,256,512,3072,128,torch.float8_e4m3fn,flydsl,971,0,3.8135,flydsl_bpreshuflle_32x128x128_F8_F8_B16_0x4x0x2_default,105.59,945.19,0.0
gfx950,256,512,3072,512,torch.float8_e4m3fn,flydsl,324,0,5.0538,flydsl_bpreshuflle_32x192x256_F8_F8_B16_0x1x4x2_default,318.69,985.54,0.0
gfx950,256,1024,3072,128,torch.float8_e4m3fn,flydsl,1167,0,4.9186,flydsl_bpreshuflle_32x128x128_F8_F8_B16_0x0x0x1_default,163.73,1385.71,0.0
gfx950,256,1024,3072,512,torch.float8_e4m3fn,flydsl,582,0,6.4941,flydsl_bpreshuflle_64x192x256_F8_F8_B16_0x2x4x2_default,496.02,1291.73,0.0
gfx950,256,1088,3072,128,torch.float8_e4m3fn,flydsl,387,0,4.9911,flydsl_bpreshuflle_32x256x128_F8_F8_B16_1x1x0x2_default,171.43,1446.0,0.0
gfx950,256,1152,3072,128,torch.float8_e4m3fn,flydsl,1295,0,5.0437,flydsl_bpreshuflle_32x256x128_F8_F8_B16_1x0x0x1_default,179.62,1510.51,0.0
gfx950,256,1216,3072,128,torch.float8_e4m3fn,flydsl,631,0,5.1929,flydsl_bpreshuflle_32x256x128_F8_F8_B16_1x2x0x2_default,184.16,1544.41,0.0
gfx950,256,1280,3072,128,torch.float8_e4m3fn,flydsl,1675,0,5.2714,flydsl_bpreshuflle_64x128x128_F8_F8_B16_0x2x0x1_default,190.96,1597.56,0.0
gfx950,256,1344,3072,128,torch.float8_e4m3fn,flydsl,15,0,5.4219,flydsl_bpreshuflle_32x256x128_F8_F8_B16_0x0x0x2_default,194.94,1627.25,0.0
gfx950,256,1408,3072,128,torch.float8_e4m3fn,flydsl,13,0,5.6881,flydsl_bpreshuflle_32x192x128_F8_F8_B16_0x0x0x2_default,194.67,1621.66,0.0
gfx950,256,1472,3072,128,torch.float8_e4m3fn,flydsl,749,0,5.8948,flydsl_bpreshuflle_32x192x128_F8_F8_B16_0x3x0x2_default,196.38,1632.9,0.0
gfx950,256,1536,3072,128,torch.float8_e4m3fn,flydsl,973,0,5.9606,flydsl_bpreshuflle_32x192x128_F8_F8_B16_0x4x0x2_default,202.66,1682.21,0.0
gfx950,256,1600,3072,128,torch.float8_e4m3fn,flydsl,1427,0,6.124,flydsl_bpreshuflle_64x128x128_F8_F8_B16_0x1x0x1_default,205.47,1702.88,0.0
gfx950,256,1664,3072,128,torch.float8_e4m3fn,flydsl,1179,0,6.2259,flydsl_bpreshuflle_64x128x128_F8_F8_B16_0x0x0x1_default,210.19,1739.48,0.0
gfx950,256,1728,3072,128,torch.float8_e4m3fn,flydsl,983,0,6.2635,flydsl_bpreshuflle_64x128x128_F8_F8_B16_0x4x0x2_default,216.96,1793.12,0.0
gfx950,256,1792,3072,128,torch.float8_e4m3fn,flydsl,759,0,6.3006,flydsl_bpreshuflle_64x128x128_F8_F8_B16_0x3x0x2_default,223.67,1846.27,0.0
gfx950,256,1856,3072,128,torch.float8_e4m3fn,flydsl,273,0,6.5801,flydsl_bpreshuflle_64x192x128_F8_F8_B16_0x1x0x2_default,221.82,1828.85,0.0
gfx950,256,1920,3072,128,torch.float8_e4m3fn,flydsl,531,0,6.5656,flydsl_bpreshuflle_96x128x128_F8_F8_B16_0x2x0x2_default,229.98,1894.03,0.0
gfx950,256,1984,3072,128,torch.float8_e4m3fn,flydsl,631,0,6.7868,flydsl_bpreshuflle_32x256x128_F8_F8_B16_1x2x0x2_default,229.9,1891.45,0.0
gfx950,256,2048,3072,128,torch.float8_e4m3fn,flydsl,521,0,6.7381,flydsl_bpreshuflle_64x192x128_F8_F8_B16_0x2x0x2_default,239.03,1964.69,0.0
gfx950,256,2048,3072,512,torch.float8_e4m3fn,flydsl,2086,0,9.5846,flydsl_bpreshuflle_64x192x256_F8_F8_B16_1x3x4x1_default,672.17,1586.33,0.0
gfx950,256,2112,3072,128,torch.float8_e4m3fn,flydsl,543,0,7.1574,flydsl_bpreshuflle_128x128x128_F8_F8_B16_0x2x0x2_default,232.06,1905.68,0.0
gfx950,256,2176,3072,128,torch.float8_e4m3fn,flydsl,1085,0,7.0924,flydsl_bpreshuflle_64x256x128_F8_F8_B16_1x4x0x2_default,241.28,1979.74,0.0
gfx950,256,2240,3072,128,torch.float8_e4m3fn,flydsl,1451,0,7.1751,flydsl_bpreshuflle_128x128x128_F8_F8_B16_0x1x0x1_default,245.52,2012.86,0.0
gfx950,256,2304,3072,128,torch.float8_e4m3fn,flydsl,151,0,7.2159,flydsl_bpreshuflle_64x256x128_F8_F8_B16_1x0x0x2_default,251.1,2057.11,0.0
gfx950,256,2368,3072,128,torch.float8_e4m3fn,flydsl,283,0,7.5248,flydsl_bpreshuflle_96x128x128_F8_F8_B16_0x1x0x2_default,247.48,2026.01,0.0
gfx950,256,2432,3072,128,torch.float8_e4m3fn,flydsl,523,0,7.3718,flydsl_bpreshuflle_64x256x128_F8_F8_B16_0x2x0x2_default,259.45,2122.51,0.0
gfx950,256,2496,3072,128,torch.float8_e4m3fn,flydsl,875,0,7.6803,flydsl_bpreshuflle_64x256x128_F8_F8_B16_1x3x0x2_default,255.58,2089.52,0.0
gfx950,256,2560,3072,128,torch.float8_e4m3fn,flydsl,283,0,7.642,flydsl_bpreshuflle_96x128x128_F8_F8_B16_0x1x0x2_default,263.45,2152.52,0.0
gfx950,256,2624,3072,128,torch.float8_e4m3fn,flydsl,399,0,7.8575,flydsl_bpreshuflle_64x256x128_F8_F8_B16_1x1x0x2_default,262.63,2144.57,0.0
gfx950,256,2688,3072,128,torch.float8_e4m3fn,flydsl,27,0,7.6928,flydsl_bpreshuflle_64x256x128_F8_F8_B16_0x0x0x2_default,274.79,2242.66,0.0
gfx950,256,2752,3072,128,torch.float8_e4m3fn,flydsl,35,0,7.9342,flydsl_bpreshuflle_96x128x128_F8_F8_B16_0x0x0x2_default,272.78,2225.02,0.0
gfx950,256,2816,3072,128,torch.float8_e4m3fn,flydsl,1797,0,7.9719,flydsl_bpreshuflle_64x192x128_F8_F8_B16_1x2x0x1_default,277.8,2264.85,0.0
gfx950,256,2880,3072,128,torch.float8_e4m3fn,flydsl,533,0,8.2093,flydsl_bpreshuflle_96x192x128_F8_F8_B16_0x2x0x2_default,275.9,2248.25,0.0
gfx950,256,2944,3072,128,torch.float8_e4m3fn,flydsl,35,0,8.2774,flydsl_bpreshuflle_96x128x128_F8_F8_B16_0x0x0x2_default,279.71,2278.25,0.0
gfx950,256,3008,3072,128,torch.float8_e4m3fn,flydsl,1083,0,8.5042,flydsl_bpreshuflle_64x192x128_F8_F8_B16_1x4x0x2_default,278.17,2264.69,0.0
gfx950,256,3072,3072,128,torch.float8_e4m3fn,flydsl,985,0,8.4301,flydsl_bpreshuflle_64x192x128_F8_F8_B16_0x4x0x2_default,286.58,2332.21,0.0
gfx950,256,3136,3072,128,torch.float8_e4m3fn,flydsl,983,0,8.7999,flydsl_bpreshuflle_64x128x128_F8_F8_B16_0x4x0x2_default,280.26,2279.82,0.0
gfx950,256,3200,3072,128,torch.float8_e4m3fn,flydsl,1555,0,8.6958,flydsl_bpreshuflle_64x256x128_F8_F8_B16_1x1x0x1_default,289.4,2353.28,0.0
gfx950,256,3264,3072,128,torch.float8_e4m3fn,flydsl,759,0,8.6868,flydsl_bpreshuflle_64x128x128_F8_F8_B16_0x3x0x2_default,295.5,2401.92,0.0
gfx950,256,3328,3072,128,torch.float8_e4m3fn,flydsl,2031,0,8.9122,flydsl_bpreshuflle_64x256x128_F8_F8_B16_1x3x0x1_default,293.67,2386.22,0.0
gfx950,256,3392,3072,128,torch.float8_e4m3fn,flydsl,1081,0,9.0897,flydsl_bpreshuflle_64x128x128_F8_F8_B16_1x4x0x2_default,293.47,2383.78,0.0
gfx950,256,3456,3072,128,torch.float8_e4m3fn,flydsl,875,0,8.9825,flydsl_bpreshuflle_64x256x128_F8_F8_B16_1x3x0x2_default,302.58,2456.92,0.0
gfx950,256,3520,3072,128,torch.float8_e4m3fn,flydsl,49,0,9.2812,flydsl_bpreshuflle_128x192x128_F8_F8_B16_0x0x0x2_default,298.26,2421.09,0.0
gfx950,256,3584,3072,128,torch.float8_e4m3fn,flydsl,163,0,9.1791,flydsl_bpreshuflle_96x256x128_F8_F8_B16_1x0x0x2_default,307.06,2491.75,0.0
gfx950,256,3648,3072,128,torch.float8_e4m3fn,flydsl,287,0,9.2614,flydsl_bpreshuflle_96x256x128_F8_F8_B16_0x1x0x2_default,309.77,2512.95,0.0
gfx950,256,3712,3072,128,torch.float8_e4m3fn,flydsl,151,0,9.222,flydsl_bpreshuflle_64x256x128_F8_F8_B16_1x0x0x2_default,316.55,2567.22,0.0
gfx950,256,3776,3072,128,torch.float8_e4m3fn,flydsl,295,0,9.3352,flydsl_bpreshuflle_128x128x128_F8_F8_B16_0x1x0x2_default,318.1,2579.09,0.0
gfx950,256,3840,3072,128,torch.float8_e4m3fn,flydsl,643,0,9.4273,flydsl_bpreshuflle_64x256x128_F8_F8_B16_1x2x0x2_default,320.34,2596.47,0.0
gfx950,256,3904,3072,128,torch.float8_e4m3fn,flydsl,283,0,9.7644,flydsl_bpreshuflle_96x128x128_F8_F8_B16_0x1x0x2_default,314.43,2547.94,0.0
gfx950,256,3968,3072,128,torch.float8_e4m3fn,flydsl,27,0,9.5499,flydsl_bpreshuflle_64x256x128_F8_F8_B16_0x0x0x2_default,326.76,2647.2,0.0
gfx950,256,4032,3072,128,torch.float8_e4m3fn,flydsl,655,0,9.7005,flydsl_bpreshuflle_96x256x128_F8_F8_B16_1x2x0x2_default,326.88,2647.48,0.0
gfx950,256,4096,3072,128,torch.float8_e4m3fn,flydsl,875,0,9.7939,flydsl_bpreshuflle_64x256x128_F8_F8_B16_1x3x0x2_default,328.9,2663.22,0.0
gfx950,256,4096,3072,512,torch.float8_e4m3fn,flydsl,1267,0,13.284,flydsl_bpreshuflle_128x192x128_F8_F8_B16_0x0x4x1_default,969.96,2170.72,0.0
gfx950,256,8192,3072,128,torch.float8_e4m3fn,flydsl,723,0,15.3988,flydsl_bpreshuflle_128x128x128_F8_F8_B16_1x2x4x2_default,418.37,3362.17,0.0
gfx950,256,8192,3072,512,torch.float8_e4m3fn,flydsl,727,0,23.1672,flydsl_bpreshuflle_128x256x128_F8_F8_B16_1x2x4x2_default,1112.34,2421.48,0.0
gfx950,256,16384,3072,128,torch.float8_e4m3fn,flydsl,225,0,24.9392,flydsl_bpreshuflle_96x256x128_F8_F8_B16_1x0x4x2_default,516.65,4136.21,0.0
gfx950,256,16384,3072,512,torch.float8_e4m3fn,flydsl,727,0,41.1926,flydsl_bpreshuflle_128x256x128_F8_F8_B16_1x2x4x2_default,1251.19,2685.55,0.0
gfx950,256,32768,3072,128,torch.float8_e4m3fn,flydsl,727,0,47.5302,flydsl_bpreshuflle_128x256x128_F8_F8_B16_1x2x4x2_default,542.18,4332.28,0.0
gfx950,256,32768,3072,512,torch.float8_e4m3fn,flydsl,727,0,78.5737,flydsl_bpreshuflle_128x256x128_F8_F8_B16_1x2x4x2_default,1311.88,2795.8,0.0
gfx950,256,1,3584,7168,torch.float8_e4m3fn,flydsl,498,7,8.2882,flydsl_bpreshuflle_16x128x256_F8_F8_B16_0x2x0x2_default_ks7,6.2,3101.33,0.0
gfx950,256,2,3584,7168,torch.float8_e4m3fn,flydsl,738,7,8.047,flydsl_bpreshuflle_16x128x256_F8_F8_B16_0x3x0x2_default_ks7,12.77,3196.07,0.0
gfx950,256,4,3584,7168,torch.float8_e4m3fn,flydsl,498,7,7.9299,flydsl_bpreshuflle_16x128x256_F8_F8_B16_0x2x0x2_default_ks7,25.92,3246.88,0.0
gfx950,256,8,3584,7168,torch.float8_e4m3fn,flydsl,2119,7,8.1421,flydsl_bpreshuflle_16x128x512_F8_F8_B16_0x4x0x1_default_ks7,50.48,3169.31,0.0
gfx950,256,16,3584,7168,torch.float8_e4m3fn,flydsl,496,4,8.8734,flydsl_bpreshuflle_16x64x256_F8_F8_B16_0x2x0x2_default_ks4,92.65,2921.03,0.0
gfx950,256,32,3584,7168,torch.float8_e4m3fn,flydsl,9,4,9.1829,flydsl_bpreshuflle_32x64x256_F8_F8_B16_0x0x0x2_default_ks4,179.05,2847.56,0.0
gfx950,256,48,3584,7168,torch.float8_e4m3fn,flydsl,1075,4,9.8275,flydsl_bpreshuflle_48x64x256_F8_F8_B16_1x4x0x2_default_ks4,250.95,2684.13,0.0
gfx950,256,64,3584,7168,torch.float8_e4m3fn,flydsl,1117,2,10.7727,flydsl_bpreshuflle_32x64x512_F8_F8_B16_1x4x4x2_default_ks2,305.25,2469.91,0.0
gfx950,256,128,3584,7168,torch.float8_e4m3fn,flydsl,686,0,13.91,flydsl_bpreshuflle_32x64x512_F8_F8_B16_1x2x4x2_default,472.8,1978.8,0.0
gfx950,256,256,3584,7168,torch.float8_e4m3fn,flydsl,86,2,18.2053,flydsl_bpreshuflle_64x128x256_F8_F8_B16_0x0x4x2_default_ks2,722.5,1612.72,0.0
gfx950,256,512,3584,7168,torch.float8_e4m3fn,flydsl,210,0,24.74,flydsl_bpreshuflle_64x128x256_F8_F8_B16_1x0x4x2_default,1063.33,1335.09,0.0
gfx950,256,1024,3584,7168,torch.float8_e4m3fn,flydsl,1152,0,37.9863,flydsl_bpreshuflle_128x128x256_F8_F8_B16_1x4x4x2_default,1385.06,1062.76,0.0
gfx950,256,2048,3584,7168,torch.float8_e4m3fn,flydsl,1000011,0,58.7124,flydsl_bpreshuffle_8w_128x256x128_F8_F8_B16_4x8,1792.24,937.63,0.0
gfx950,256,4096,3584,7168,torch.float8_e4m3fn,flydsl,1000035,0,87.2232,flydsl_bpreshuffle_8w_256x256x128_F8_F8_B16_4x8,2412.81,967.75,0.0
gfx950,256,8192,3584,7168,torch.float8_e4m3fn,flydsl,1000031,0,164.642,flydsl_bpreshuffle_8w_256x256x128_F8_F8_B16_3x4,2556.5,869.34,0.0
gfx950,256,16384,3584,7168,torch.float8_e4m3fn,flydsl,1000028,0,314.5499,flydsl_bpreshuffle_8w_256x256x128_F8_F8_B16_2x4,2676.25,828.39,0.0003
gfx950,256,32768,3584,7168,torch.float8_e4m3fn,flydsl,1000025,0,574.609,flydsl_bpreshuffle_8w_256x256x128_F8_F8_B16_1x4,2930.04,862.24,0.0
gfx950,256,1,6400,7168,torch.float8_e4m3fn,flydsl,2330,0,9.328,flydsl_bpreshuflle_16x32x1024_F8_F8_B16_0x1x0x2_default,9.84,4920.15,0.0
gfx950,256,2,6400,7168,torch.float8_e4m3fn,flydsl,2390,0,9.3897,flydsl_bpreshuflle_16x32x1024_F8_F8_B16_0x1x0x1_default,19.54,4889.95,0.0
gfx950,256,4,6400,7168,torch.float8_e4m3fn,flydsl,2330,0,9.367,flydsl_bpreshuflle_16x32x1024_F8_F8_B16_0x1x0x2_default,39.18,4906.06,0.0
gfx950,256,8,6400,7168,torch.float8_e4m3fn,flydsl,2330,0,9.4089,flydsl_bpreshuflle_16x32x1024_F8_F8_B16_0x1x0x2_default,78.01,4892.7,0.0
gfx950,256,16,6400,7168,torch.float8_e4m3fn,flydsl,2406,0,9.9609,flydsl_bpreshuflle_16x32x1024_F8_F8_B16_0x2x0x1_default,147.38,4637.6,0.0
gfx950,256,32,6400,7168,torch.float8_e4m3fn,flydsl,2331,0,12.0626,flydsl_bpreshuflle_32x32x1024_F8_F8_B16_0x1x0x2_default,243.4,3856.07,0.0
gfx950,256,64,6400,7168,torch.float8_e4m3fn,flydsl,1117,0,14.7136,flydsl_bpreshuflle_32x64x512_F8_F8_B16_1x4x4x2_default,399.09,3204.73,0.0
gfx950,256,128,6400,7168,torch.float8_e4m3fn,ck,114,0,21.0686,a8w8_bpreshuffle_256x64x64x256_16x16_16x16_16x16x1_16x16x1_1x32x1x8_8x8x1_2x1_intrawave_v3,557.42,2298.73,0.0
gfx950,256,256,6400,7168,torch.float8_e4m3fn,flydsl,700,0,26.816,flydsl_bpreshuflle_64x128x256_F8_F8_B16_1x2x4x2_default,875.9,1901.37,0.0
gfx950,256,512,6400,7168,torch.float8_e4m3fn,flydsl,234,0,37.0845,flydsl_bpreshuflle_128x128x256_F8_F8_B16_1x0x4x2_default,1266.73,1512.73,0.0
gfx950,256,1024,6400,7168,torch.float8_e4m3fn,flydsl,237,0,56.795,flydsl_bpreshuflle_128x256x128_F8_F8_B16_1x0x4x2_default,1654.24,1167.75,0.0
gfx950,256,2048,6400,7168,torch.float8_e4m3fn,flydsl,1000028,0,83.2742,flydsl_bpreshuffle_8w_256x256x128_F8_F8_B16_2x4,2256.46,1041.98,0.0
gfx950,256,4096,6400,7168,torch.float8_e4m3fn,flydsl,1000025,0,157.407,flydsl_bpreshuffle_8w_256x256x128_F8_F8_B16_1x4,2387.5,811.04,0.0
gfx950,256,8192,6400,7168,torch.float8_e4m3fn,flydsl,1000026,0,294.7446,flydsl_bpreshuffle_8w_256x256x128_F8_F8_B16_1x8,2550.07,710.63,0.0
gfx950,256,16384,6400,7168,torch.float8_e4m3fn,flydsl,1000025,0,542.5117,flydsl_bpreshuffle_8w_256x256x128_F8_F8_B16_1x4,2770.89,687.6,0.0
gfx950,256,32768,6400,7168,torch.float8_e4m3fn,flydsl,1000028,0,1050.5652,flydsl_bpreshuffle_8w_256x256x128_F8_F8_B16_2x4,2861.77,666.49,0.0
gfx950,256,1,7168,768,torch.float8_e4m3fn,flydsl,1652,0,4.3118,flydsl_bpreshuflle_16x64x256_F8_F8_B16_0x2x0x1_default,2.55,1280.24,0.0
gfx950,256,1,7168,1024,torch.float8_e4m3fn,flydsl,2346,0,4.3457,flydsl_bpreshuflle_16x32x1024_F8_F8_B16_0x2x0x2_default,3.38,1692.57,0.0
gfx950,256,1,7168,1536,torch.float8_e4m3fn,flydsl,849,0,5.005,flydsl_bpreshuflle_16x64x512_F8_F8_B16_1x3x0x2_default,4.4,2202.98,0.0
gfx950,256,1,7168,1792,torch.float8_e4m3fn,flydsl,960,0,6.197,flydsl_bpreshuflle_16x64x256_F8_F8_B16_0x4x0x2_default,4.15,2075.39,0.0
gfx950,256,1,7168,4224,torch.float8_e4m3fn,ck,9,0,17.7187,a8w8_bpreshuffle_128x16x32x128_16x16_16x16_8x16x1_8x16x1_1x16x1x8_4x4x1_1x1_intrawave_v1,3.42,1709.84,0.0
gfx950,256,2,7168,768,torch.float8_e4m3fn,flydsl,1404,0,4.3292,flydsl_bpreshuflle_16x64x256_F8_F8_B16_0x1x0x1_default,5.09,1278.58,0.0
gfx950,256,2,7168,1024,torch.float8_e4m3fn,flydsl,125,0,4.3279,flydsl_bpreshuflle_16x64x512_F8_F8_B16_1x0x0x2_default,6.78,1703.08,0.0
gfx950,256,2,7168,1536,torch.float8_e4m3fn,flydsl,497,0,5.1133,flydsl_bpreshuflle_16x64x512_F8_F8_B16_0x2x0x2_default,8.61,2159.43,0.0
gfx950,256,2,7168,1792,torch.float8_e4m3fn,flydsl,0,0,6.8101,flydsl_bpreshuflle_16x64x256_F8_F8_B16_0x0x0x2_default,7.54,1890.91,0.0
gfx950,256,2,7168,4224,torch.float8_e4m3fn,ck,9,0,17.7552,a8w8_bpreshuffle_128x16x32x128_16x16_16x16_8x16x1_8x16x1_1x16x1x8_4x4x1_1x1_intrawave_v1,6.82,1707.37,0.0
gfx950,256,4,7168,768,torch.float8_e4m3fn,flydsl,1156,0,4.854,flydsl_bpreshuflle_16x64x256_F8_F8_B16_0x0x0x1_default,9.07,1146.57,0.0
gfx950,256,4,7168,1024,torch.float8_e4m3fn,flydsl,2346,0,4.335,flydsl_bpreshuflle_16x32x1024_F8_F8_B16_0x2x0x2_default,13.55,1707.38,0.0
gfx950,256,4,7168,1536,torch.float8_e4m3fn,flydsl,1,0,5.0293,flydsl_bpreshuflle_16x64x512_F8_F8_B16_0x0x0x2_default,17.51,2201.8,0.0
gfx950,256,4,7168,1792,torch.float8_e4m3fn,flydsl,496,0,6.7351,flydsl_bpreshuflle_16x64x256_F8_F8_B16_0x2x0x2_default,15.26,1916.76,0.0
gfx950,256,4,7168,4224,torch.float8_e4m3fn,ck,9,0,17.8827,a8w8_bpreshuffle_128x16x32x128_16x16_16x16_8x16x1_8x16x1_1x16x1x8_4x4x1_1x1_intrawave_v1,13.54,1697.28,0.0
gfx950,256,8,7168,768,torch.float8_e4m3fn,flydsl,1652,0,4.4118,flydsl_bpreshuflle_16x64x256_F8_F8_B16_0x2x0x1_default,19.96,1275.18,0.0
gfx950,256,8,7168,1024,torch.float8_e4m3fn,flydsl,849,0,4.7923,flydsl_bpreshuflle_16x64x512_F8_F8_B16_1x3x0x2_default,24.51,1557.27,0.0
gfx950,256,8,7168,1536,torch.float8_e4m3fn,flydsl,961,0,5.0859,flydsl_bpreshuflle_16x64x512_F8_F8_B16_0x4x0x2_default,34.64,2189.78,0.0
gfx950,256,8,7168,1792,torch.float8_e4m3fn,flydsl,496,0,6.2456,flydsl_bpreshuflle_16x64x256_F8_F8_B16_0x2x0x2_default,32.91,2077.32,0.0
gfx950,256,8,7168,4224,torch.float8_e4m3fn,ck,9,0,17.5696,a8w8_bpreshuffle_128x16x32x128_16x16_16x16_8x16x1_8x16x1_1x16x1x8_4x4x1_1x1_intrawave_v1,27.57,1731.75,0.0
gfx950,256,16,7168,768,torch.float8_e4m3fn,flydsl,1156,0,4.9038,flydsl_bpreshuflle_16x64x256_F8_F8_B16_0x0x0x1_default,35.92,1171.88,0.0
gfx950,256,16,7168,1024,torch.float8_e4m3fn,flydsl,849,0,4.3627,flydsl_bpreshuflle_16x64x512_F8_F8_B16_1x3x0x2_default,53.84,1738.78,0.0
gfx950,256,16,7168,1536,torch.float8_e4m3fn,flydsl,849,0,5.8241,flydsl_bpreshuflle_16x64x512_F8_F8_B16_1x3x0x2_default,60.49,1934.03,0.0
gfx950,256,16,7168,1792,torch.float8_e4m3fn,flydsl,496,0,6.3667,flydsl_bpreshuflle_16x64x256_F8_F8_B16_0x2x0x2_default,64.56,2058.07,0.0
gfx950,256,16,7168,4224,torch.float8_e4m3fn,ck,9,0,17.963,a8w8_bpreshuffle_128x16x32x128_16x16_16x16_8x16x1_8x16x1_1x16x1x8_4x4x1_1x1_intrawave_v1,53.94,1702.09,0.0
gfx950,256,32,7168,768,torch.float8_e4m3fn,flydsl,257,0,4.4742,flydsl_bpreshuflle_32x64x256_F8_F8_B16_0x1x0x2_default,78.75,1338.42,0.0
gfx950,256,32,7168,1024,torch.float8_e4m3fn,flydsl,382,0,4.6722,flydsl_bpreshuflle_32x64x512_F8_F8_B16_1x1x0x2_default,100.54,1676.2,0.0
gfx950,256,32,7168,1536,torch.float8_e4m3fn,flydsl,677,0,5.9228,flydsl_bpreshuflle_16x64x512_F8_F8_B16_1x2x4x2_default,118.97,1944.68,0.0
gfx950,256,32,7168,1792,torch.float8_e4m3fn,flydsl,505,0,6.8166,flydsl_bpreshuflle_32x64x256_F8_F8_B16_0x2x0x2_default,120.6,1960.09,0.0
gfx950,256,32,7168,4224,torch.float8_e4m3fn,flydsl,624,3,11.1259,flydsl_bpreshuflle_32x64x128_F8_F8_B16_1x2x0x2_default_ks3,174.17,2774.75,0.0
gfx950,256,48,7168,1024,torch.float8_e4m3fn,flydsl,1221,0,5.3427,flydsl_bpreshuflle_16x128x512_F8_F8_B16_0x0x4x1_default,131.89,1511.84,0.0
gfx950,256,48,7168,1792,torch.float8_e4m3fn,ck,16,0,7.7143,a8w8_bpreshuffle_256x16x128x256_16x16_16x16_16x16x1_16x16x1_1x16x1x16_8x8x1_1x2_intrawave_v1,159.85,1765.45,0.0
gfx950,256,64,7168,768,torch.float8_e4m3fn,flydsl,969,0,4.4907,flydsl_bpreshuflle_32x64x256_F8_F8_B16_0x4x0x2_default,156.91,1441.13,0.0
gfx950,256,64,7168,1024,torch.float8_e4m3fn,flydsl,506,0,4.9732,flydsl_bpreshuflle_32x64x512_F8_F8_B16_0x2x0x2_default,188.92,1673.58,0.0
gfx950,256,64,7168,1536,torch.float8_e4m3fn,flydsl,802,0,5.8575,flydsl_bpreshuflle_32x64x512_F8_F8_B16_0x3x4x2_default,240.6,2053.07,0.0
gfx950,256,64,7168,1792,torch.float8_e4m3fn,flydsl,9,0,6.9433,flydsl_bpreshuflle_32x64x256_F8_F8_B16_0x0x0x2_default,236.8,1998.65,0.0
gfx950,256,64,7168,4224,torch.float8_e4m3fn,ck,76,0,19.4931,a8w8_bpreshuffle_256x32x64x128_16x16_16x16_8x32x1_8x32x1_1x32x1x8_8x8x1_2x1_intrawave_v1,198.82,1614.19,0.0
gfx950,256,128,7168,768,torch.float8_e4m3fn,flydsl,518,0,5.1348,flydsl_bpreshuflle_64x64x256_F8_F8_B16_0x2x0x2_default,274.46,1448.61,0.0
gfx950,256,128,7168,1024,torch.float8_e4m3fn,flydsl,982,0,5.7807,flydsl_bpreshuflle_64x64x256_F8_F8_B16_0x4x0x2_default,325.06,1609.86,0.0
gfx950,256,128,7168,1536,torch.float8_e4m3fn,flydsl,1129,0,6.9744,flydsl_bpreshuflle_64x64x256_F8_F8_B16_1x4x4x2_default,404.13,1869.93,0.0
gfx950,256,128,7168,1792,torch.float8_e4m3fn,flydsl,456,0,7.4518,flydsl_bpreshuflle_64x64x256_F8_F8_B16_1x1x4x2_default,441.28,2000.78,0.0
gfx950,256,128,7168,4224,torch.float8_e4m3fn,flydsl,442,0,19.9121,flydsl_bpreshuflle_32x64x128_F8_F8_B16_1x1x4x2_default,389.26,1639.87,0.0
gfx950,256,256,7168,768,torch.float8_e4m3fn,flydsl,294,0,6.5333,flydsl_bpreshuflle_128x64x256_F8_F8_B16_0x1x0x2_default,431.42,1434.44,0.0
gfx950,256,256,7168,1024,torch.float8_e4m3fn,flydsl,894,0,7.3967,flydsl_bpreshuflle_128x64x256_F8_F8_B16_1x3x0x2_default,508.08,1523.95,0.0
gfx950,256,256,7168,1536,torch.float8_e4m3fn,flydsl,480,0,9.1112,flydsl_bpreshuflle_128x64x256_F8_F8_B16_1x1x4x2_default,618.7,1654.37,0.0
gfx950,256,256,7168,1792,torch.float8_e4m3fn,flydsl,210,0,9.2353,flydsl_bpreshuflle_64x128x256_F8_F8_B16_1x0x4x2_default,712.12,1837.93,0.0
gfx950,256,256,7168,4224,torch.float8_e4m3fn,ck,77,0,22.5152,a8w8_bpreshuffle_256x64x64x128_16x16_16x16_8x32x1_8x32x1_1x32x1x8_8x8x1_2x1_intrawave_v3,688.52,1555.79,0.0
gfx950,256,512,7168,768,torch.float8_e4m3fn,flydsl,296,0,8.6416,flydsl_bpreshuflle_128x128x256_F8_F8_B16_0x1x0x2_default,652.33,1531.92,0.0
gfx950,256,512,7168,1024,torch.float8_e4m3fn,flydsl,952,0,9.7889,flydsl_bpreshuflle_128x128x256_F8_F8_B16_1x3x4x2_default,767.83,1553.22,0.0
gfx950,256,512,7168,1536,torch.float8_e4m3fn,flydsl,234,0,12.1092,flydsl_bpreshuflle_128x128x256_F8_F8_B16_1x0x4x2_default,931.05,1580.33,0.0
gfx950,256,512,7168,1792,torch.float8_e4m3fn,flydsl,482,0,13.1921,flydsl_bpreshuflle_128x128x256_F8_F8_B16_1x1x4x2_default,997.06,1599.64,0.0
gfx950,256,512,7168,4224,torch.float8_e4m3fn,ck,0,0,27.7061,a8w8_bpreshuffle_256x128x128x128_16x16_16x16_8x32x1_8x32x1_1x32x1x8_8x8x1_2x1_intrawave_v3,1119.04,1435.8,0.0
gfx950,256,1024,7168,768,torch.float8_e4m3fn,flydsl,295,0,12.6068,flydsl_bpreshuflle_128x128x128_F8_F8_B16_0x1x0x2_default,894.3,1663.51,0.0
gfx950,256,1024,7168,1024,torch.float8_e4m3fn,flydsl,723,0,14.2733,flydsl_bpreshuflle_128x128x128_F8_F8_B16_1x2x4x2_default,1053.18,1616.21,0.0
gfx950,256,1024,7168,1536,torch.float8_e4m3fn,flydsl,482,0,17.6544,flydsl_bpreshuflle_128x128x256_F8_F8_B16_1x1x4x2_default,1277.22,1544.26,0.0
gfx950,256,1024,7168,1792,torch.float8_e4m3fn,flydsl,724,0,19.6428,flydsl_bpreshuflle_128x128x256_F8_F8_B16_1x2x4x2_default,1339.25,1494.7,0.0
gfx950,256,1024,7168,4224,torch.float8_e4m3fn,flydsl,723,0,38.0669,flydsl_bpreshuflle_128x128x128_F8_F8_B16_1x2x4x2_default,1628.94,1294.64,0.0
gfx950,256,2048,7168,768,torch.float8_e4m3fn,flydsl,486,0,19.0572,flydsl_bpreshuflle_160x192x128_F8_F8_B16_1x1x4x2_default,1183.21,1912.03,0.0
gfx950,256,2048,7168,1024,torch.float8_e4m3fn,flydsl,238,0,21.6076,flydsl_bpreshuflle_160x192x128_F8_F8_B16_1x0x4x2_default,1391.4,1795.54,0.0
gfx950,256,2048,7168,1536,torch.float8_e4m3fn,flydsl,493,0,28.9133,flydsl_bpreshuflle_256x128x128_F8_F8_B16_1x1x4x2_default,1559.74,1505.05,0.0
gfx950,256,2048,7168,1792,torch.float8_e4m3fn,flydsl,1000031,0,30.5344,flydsl_bpreshuffle_8w_256x256x128_F8_F8_B16_3x4,1723.08,1502.41,0.0
gfx950,256,2048,7168,4224,torch.float8_e4m3fn,flydsl,1763,0,63.2452,flydsl_bpreshuflle_128x256x128_F8_F8_B16_0x2x4x1_default,1960.89,1079.74,0.0
gfx950,256,4096,7168,768,torch.float8_e4m3fn,flydsl,1763,0,34.7715,flydsl_bpreshuflle_128x256x128_F8_F8_B16_0x2x4x1_default,1296.96,1937.54,0.0
gfx950,256,4096,7168,1024,torch.float8_e4m3fn,flydsl,245,0,41.0887,flydsl_bpreshuflle_256x128x128_F8_F8_B16_1x0x4x2_default,1463.41,1709.83,0.0
gfx950,256,4096,7168,1536,torch.float8_e4m3fn,flydsl,486,0,56.7139,flydsl_bpreshuflle_160x192x128_F8_F8_B16_1x1x4x2_default,1590.34,1340.44,0.0
gfx950,256,4096,7168,1792,torch.float8_e4m3fn,flydsl,1000034,0,60.7073,flydsl_bpreshuffle_8w_256x256x128_F8_F8_B16_4x4,1733.35,1299.77,0.0
gfx950,256,4096,7168,4224,torch.float8_e4m3fn,flydsl,421,0,126.4023,flydsl_bpreshuflle_128x192x128_F8_F8_B16_1x1x0x2_default,1962.26,840.96,0.0
gfx950,256,8192,7168,768,torch.float8_e4m3fn,flydsl,1883,0,62.6456,flydsl_bpreshuflle_128x256x128_F8_F8_B16_1x2x4x1_default,1439.75,2062.99,0.0
gfx950,256,8192,7168,1024,torch.float8_e4m3fn,flydsl,735,0,74.8183,flydsl_bpreshuflle_256x128x128_F8_F8_B16_1x2x4x2_default,1607.35,1779.9,0.0
gfx950,256,8192,7168,1536,torch.float8_e4m3fn,flydsl,727,0,98.4723,flydsl_bpreshuflle_128x256x128_F8_F8_B16_1x2x4x2_default,1831.87,1432.21,0.0
gfx950,256,8192,7168,1792,torch.float8_e4m3fn,flydsl,727,0,110.3423,flydsl_bpreshuflle_128x256x128_F8_F8_B16_1x2x4x2_default,1907.28,1313.78,0.0
gfx950,256,8192,7168,4224,torch.float8_e4m3fn,flydsl,607,0,204.8646,flydsl_bpreshuflle_128x256x128_F8_F8_B16_0x2x4x2_default,2421.45,889.96,0.0
gfx950,256,16384,7168,768,torch.float8_e4m3fn,flydsl,490,0,118.9028,flydsl_bpreshuflle_224x128x128_F8_F8_B16_1x1x4x2_default,1517.11,2127.53,0.0
gfx950,256,16384,7168,1024,torch.float8_e4m3fn,flydsl,1883,0,135.3198,flydsl_bpreshuflle_128x256x128_F8_F8_B16_1x2x4x1_default,1777.41,1913.97,0.0
gfx950,256,16384,7168,1536,torch.float8_e4m3fn,flydsl,730,0,196.3188,flydsl_bpreshuflle_192x128x128_F8_F8_B16_1x2x4x2_default,1837.71,1380.7,0.0
gfx950,256,16384,7168,1792,torch.float8_e4m3fn,flydsl,1000025,0,200.5727,flydsl_bpreshuffle_8w_256x256x128_F8_F8_B16_1x4,2098.52,1381.48,0.0
gfx950,256,16384,7168,4224,torch.float8_e4m3fn,flydsl,607,0,398.2907,flydsl_bpreshuflle_128x256x128_F8_F8_B16_0x2x4x2_default,2490.99,839.5,0.0
gfx950,256,32768,7168,768,torch.float8_e4m3fn,flydsl,1883,0,219.3054,flydsl_bpreshuflle_128x256x128_F8_F8_B16_1x2x4x1_default,1645.09,2281.9,0.0
gfx950,256,32768,7168,1024,torch.float8_e4m3fn,flydsl,1763,0,261.5419,flydsl_bpreshuflle_128x256x128_F8_F8_B16_0x2x4x1_default,1839.23,1952.48,0.0
gfx950,256,32768,7168,1536,torch.float8_e4m3fn,flydsl,238,0,375.1325,flydsl_bpreshuflle_160x192x128_F8_F8_B16_1x0x4x2_default,1923.47,1415.78,0.0
gfx950,256,32768,7168,1792,torch.float8_e4m3fn,flydsl,1000028,0,386.6458,flydsl_bpreshuffle_8w_256x256x128_F8_F8_B16_2x4,2177.22,1400.06,0.0
gfx950,256,32768,7168,4224,torch.float8_e4m3fn,flydsl,607,0,792.805,flydsl_bpreshuflle_128x256x128_F8_F8_B16_0x2x4x2_default,2502.85,805.31,0.0
gfx950,256,1,8448,7168,torch.float8_e4m3fn,flydsl,961,0,12.7982,flydsl_bpreshuflle_16x64x512_F8_F8_B16_0x4x0x2_default,9.46,4733.43,0.0
gfx950,256,2,8448,7168,torch.float8_e4m3fn,flydsl,497,0,13.5444,flydsl_bpreshuflle_16x64x512_F8_F8_B16_0x2x0x2_default,17.88,4474.42,0.0
gfx950,256,4,8448,7168,torch.float8_e4m3fn,flydsl,1,0,13.541,flydsl_bpreshuflle_16x64x512_F8_F8_B16_0x0x0x2_default,35.78,4479.1,0.0
gfx950,256,8,8448,7168,torch.float8_e4m3fn,flydsl,1,0,13.2129,flydsl_bpreshuflle_16x64x512_F8_F8_B16_0x0x0x2_default,73.33,4597.61,0.0
gfx950,256,16,8448,7168,torch.float8_e4m3fn,flydsl,1,0,13.324,flydsl_bpreshuflle_16x64x512_F8_F8_B16_0x0x0x2_default,145.43,4573.72,0.0
gfx950,256,32,8448,7168,torch.float8_e4m3fn,flydsl,10,0,15.3828,flydsl_bpreshuflle_32x64x512_F8_F8_B16_0x0x0x2_default,251.94,3986.62,0.0
gfx950,256,64,8448,7168,torch.float8_e4m3fn,flydsl,2341,0,19.8143,flydsl_bpreshuflle_32x32x512_F8_F8_B16_1x1x4x2_default,391.19,3133.87,0.0
gfx950,256,128,8448,7168,torch.float8_e4m3fn,flydsl,1240,0,24.2685,flydsl_bpreshuflle_64x64x256_F8_F8_B16_0x0x4x1_default,638.78,2622.14,0.0
gfx950,256,256,8448,7168,torch.float8_e4m3fn,flydsl,88,0,33.9665,flydsl_bpreshuflle_64x192x256_F8_F8_B16_0x0x4x2_default,912.79,1964.16,0.0
gfx950,256,512,8448,7168,torch.float8_e4m3fn,flydsl,954,0,48.1186,flydsl_bpreshuflle_128x192x256_F8_F8_B16_1x3x4x2_default,1288.66,1514.51,0.0
gfx950,256,1024,8448,7168,torch.float8_e4m3fn,cktile,89,0,73.6841,a8w8_bpreshuffle_cktile_0x0x8x4x1x0x0x0x0x1_224x192x128_1x4x1_16x16x128_default,1683.09,1156.24,0.0
gfx950,256,2048,8448,7168,torch.float8_e4m3fn,flydsl,483,0,120.3638,flydsl_bpreshuflle_128x192x128_F8_F8_B16_1x1x4x2_default,2060.71,912.55,0.0
gfx950,256,4096,8448,7168,torch.float8_e4m3fn,flydsl,486,0,215.0272,flydsl_bpreshuflle_160x192x128_F8_F8_B16_1x1x4x2_default,2307.0,740.01,0.0
gfx950,256,8192,8448,7168,torch.float8_e4m3fn,flydsl,486,0,386.2542,flydsl_bpreshuflle_160x192x128_F8_F8_B16_1x1x4x2_default,2568.61,667.14,0.0
gfx950,256,16384,8448,7168,torch.float8_e4m3fn,flydsl,486,0,786.3962,flydsl_bpreshuflle_160x192x128_F8_F8_B16_1x1x4x2_default,2523.25,578.36,0.0
gfx950,256,32768,8448,7168,torch.float8_e4m3fn,ck,33,0,1519.8343,a8w8_bpreshuffle_256x256x256x128_16x16_16x16_8x32x1_8x32x1_1x32x1x8_8x8x1_2x1_intrawave_v3,2611.17,558.67,0.0
gfx950,256,1088,576,7168,torch.float8_e4m3fn,cktile,151,0,17.7207,a8w8_bpreshuffle_cktile_0x0x8x4x1x0x0x0x0x3_32x64x512_1x4x1_16x16x128_default,506.99,743.82,0.0
gfx950,256,1088,1536,128,torch.float8_e4m3fn,flydsl,8,0,3.7392,flydsl_bpreshuflle_32x64x128_F8_F8_B16_0x0x0x2_default,114.41,983.69,0.0
gfx950,256,1088,1536,1536,torch.float8_e4m3fn,flydsl,210,0,8.3705,flydsl_bpreshuflle_64x128x256_F8_F8_B16_1x0x4x2_default,613.32,880.81,0.0
gfx950,256,1088,1536,7168,torch.float8_e4m3fn,flydsl,928,0,24.9105,flydsl_bpreshuflle_64x128x256_F8_F8_B16_1x3x4x2_default,961.76,889.23,0.0
gfx950,256,1088,2048,512,torch.float8_e4m3fn,flydsl,700,0,6.4266,flydsl_bpreshuflle_64x128x256_F8_F8_B16_1x2x4x2_default,355.04,943.28,0.0
gfx950,256,1088,2176,7168,torch.float8_e4m3fn,cktile,125,0,32.2341,a8w8_bpreshuffle_cktile_0x0x8x4x1x0x0x0x0x2_80x128x256_1x4x1_16x16x128_default,1052.93,872.72,0.0
gfx950,256,1088,2304,1536,torch.float8_e4m3fn,flydsl,212,0,10.4462,flydsl_bpreshuflle_64x192x256_F8_F8_B16_1x0x4x2_default,737.18,978.69,0.0
gfx950,256,1088,3072,512,torch.float8_e4m3fn,ck,77,0,7.2125,a8w8_bpreshuffle_256x64x64x128_16x16_16x16_8x32x1_8x32x1_1x32x1x8_8x8x1_2x1_intrawave_v3,474.53,1222.13,0.0
gfx950,256,1088,3584,7168,torch.float8_e4m3fn,flydsl,1242,0,41.5366,flydsl_bpreshuflle_64x128x256_F8_F8_B16_0x0x4x1_default,1345.84,994.01,0.0
gfx950,256,1088,6400,7168,torch.float8_e4m3fn,flydsl,1000002,0,58.3285,flydsl_bpreshuffle_8w_128x256x128_F8_F8_B16_1x8,1711.42,1158.96,0.0
gfx950,256,1088,7168,768,torch.float8_e4m3fn,flydsl,461,0,13.1709,flydsl_bpreshuflle_64x256x128_F8_F8_B16_1x1x4x2_default,909.5,1665.66,0.0
gfx950,256,1088,7168,1024,torch.float8_e4m3fn,flydsl,703,0,14.7857,flydsl_bpreshuflle_64x256x128_F8_F8_B16_1x2x4x2_default,1080.23,1626.69,0.0
gfx950,256,1088,7168,1536,torch.float8_e4m3fn,flydsl,1494,0,18.7587,flydsl_bpreshuflle_64x256x256_F8_F8_B16_0x1x4x1_default,1277.16,1507.5,0.0
gfx950,256,1088,7168,1792,torch.float8_e4m3fn,flydsl,1246,0,20.7097,flydsl_bpreshuflle_64x256x256_F8_F8_B16_0x0x4x1_default,1349.65,1467.54,0.0
gfx950,256,1088,7168,4224,torch.float8_e4m3fn,flydsl,1000003,0,38.7902,flydsl_bpreshuffle_8w_128x256x128_F8_F8_B16_2x0,1698.47,1301.13,0.0
gfx950,256,1088,8448,7168,torch.float8_e4m3fn,flydsl,1000026,0,75.5792,flydsl_bpreshuffle_8w_256x256x128_F8_F8_B16_1x8,1743.45,1147.63,0.0
gfx950,256,1152,576,7168,torch.float8_e4m3fn,cktile,151,0,17.8043,a8w8_bpreshuffle_cktile_0x0x8x4x1x0x0x0x0x3_32x64x512_1x4x1_16x16x128_default,534.29,770.23,0.0
gfx950,256,1152,1536,128,torch.float8_e4m3fn,flydsl,8,0,4.273,flydsl_bpreshuflle_32x64x128_F8_F8_B16_0x0x0x2_default,106.01,908.73,0.0
gfx950,256,1152,1536,1536,torch.float8_e4m3fn,flydsl,396,0,8.315,flydsl_bpreshuflle_64x128x256_F8_F8_B16_1x1x0x2_default,653.74,922.15,0.0
gfx950,256,1152,1536,7168,torch.float8_e4m3fn,flydsl,700,0,24.2379,flydsl_bpreshuflle_64x128x256_F8_F8_B16_1x2x4x2_default,1046.59,940.94,0.0
gfx950,256,1152,2048,512,torch.float8_e4m3fn,flydsl,346,0,5.8953,flydsl_bpreshuflle_96x128x256_F8_F8_B16_0x1x4x2_default,409.8,1078.32,0.0
gfx950,256,1152,2176,7168,torch.float8_e4m3fn,flydsl,712,0,30.1012,flydsl_bpreshuflle_96x128x256_F8_F8_B16_1x2x4x2_default,1193.87,959.05,0.0
gfx950,256,1152,2304,1536,torch.float8_e4m3fn,flydsl,1143,0,9.922,flydsl_bpreshuflle_96x128x256_F8_F8_B16_1x4x4x2_default,821.78,1070.03,0.0
gfx950,256,1152,3072,512,torch.float8_e4m3fn,flydsl,523,0,7.2219,flydsl_bpreshuflle_64x256x128_F8_F8_B16_0x2x0x2_default,501.79,1279.52,0.0
gfx950,256,1152,3584,7168,torch.float8_e4m3fn,flydsl,952,0,38.2021,flydsl_bpreshuflle_128x128x256_F8_F8_B16_1x3x4x2_default,1549.39,1104.79,0.0
gfx950,256,1152,6400,7168,torch.float8_e4m3fn,flydsl,485,0,59.6244,flydsl_bpreshuflle_128x256x128_F8_F8_B16_1x1x4x2_default,1772.7,1155.2,0.0
gfx950,256,1152,7168,768,torch.float8_e4m3fn,flydsl,1390,0,13.1667,flydsl_bpreshuflle_128x128x256_F8_F8_B16_1x0x4x1_default,963.31,1739.6,0.0
gfx950,256,1152,7168,1024,torch.float8_e4m3fn,flydsl,723,0,14.9844,flydsl_bpreshuflle_128x128x128_F8_F8_B16_1x2x4x2_default,1128.6,1670.72,0.0
gfx950,256,1152,7168,1536,torch.float8_e4m3fn,flydsl,481,0,18.395,flydsl_bpreshuflle_128x128x128_F8_F8_B16_1x1x4x2_default,1379.02,1592.53,0.0
gfx950,256,1152,7168,1792,torch.float8_e4m3fn,flydsl,1760,0,20.8767,flydsl_bpreshuflle_128x128x256_F8_F8_B16_0x2x4x1_default,1417.61,1505.24,0.0
gfx950,256,1152,7168,4224,torch.float8_e4m3fn,flydsl,1000009,0,39.5754,flydsl_bpreshuffle_8w_128x256x128_F8_F8_B16_4x0,1762.7,1305.32,0.0
gfx950,256,1152,8448,7168,torch.float8_e4m3fn,ck,158,0,74.5621,a8w8_bpreshuffle_256x192x256x128_16x16_16x16_8x32x1_8x32x1_1x16x1x16_8x8x1_1x2_intrawave_v3,1871.18,1183.94,0.0
gfx950,256,1216,576,7168,torch.float8_e4m3fn,cktile,37,0,17.905,a8w8_bpreshuffle_cktile_0x0x8x4x1x0x0x0x0x2_32x64x512_1x4x1_16x16x128_default,560.8,795.64,0.0
gfx950,256,1216,1536,128,torch.float8_e4m3fn,flydsl,968,0,3.8477,flydsl_bpreshuflle_32x64x128_F8_F8_B16_0x4x0x2_default,124.27,1062.4,0.0
gfx950,256,1216,1536,1536,torch.float8_e4m3fn,flydsl,210,0,8.6659,flydsl_bpreshuflle_64x128x256_F8_F8_B16_1x0x4x2_default,662.11,918.85,0.0
gfx950,256,1216,1536,7168,torch.float8_e4m3fn,flydsl,928,0,25.8253,flydsl_bpreshuflle_64x128x256_F8_F8_B16_1x3x4x2_default,1036.83,908.48,0.0
gfx950,256,1216,2048,512,torch.float8_e4m3fn,flydsl,700,0,6.2607,flydsl_bpreshuflle_64x128x256_F8_F8_B16_1x2x4x2_default,407.32,1062.49,0.0
gfx950,256,1216,2176,7168,torch.float8_e4m3fn,cktile,107,0,34.0073,a8w8_bpreshuffle_cktile_0x0x8x4x1x0x0x0x0x2_48x128x256_1x4x1_16x16x128_default,1115.45,870.57,0.0
gfx950,256,1216,2304,1536,torch.float8_e4m3fn,flydsl,212,0,10.8342,flydsl_bpreshuflle_64x192x256_F8_F8_B16_1x0x4x2_default,794.4,1016.23,0.0
gfx950,256,1216,3072,512,torch.float8_e4m3fn,ck,77,0,7.1921,a8w8_bpreshuffle_256x64x64x128_16x16_16x16_8x32x1_8x32x1_1x32x1x8_8x8x1_2x1_intrawave_v3,531.86,1344.05,0.0
gfx950,256,1216,3584,7168,torch.float8_e4m3fn,cktile,80,0,50.3359,a8w8_bpreshuffle_cktile_0x0x8x4x1x0x0x0x0x1_96x128x128_1x4x1_16x16x128_default,1241.23,856.7,0.0
gfx950,256,1216,6400,7168,torch.float8_e4m3fn,flydsl,1000008,0,59.3067,flydsl_bpreshuffle_8w_128x256x128_F8_F8_B16_3x8,1881.21,1182.94,0.0
gfx950,256,1216,7168,768,torch.float8_e4m3fn,flydsl,210,0,15.1637,flydsl_bpreshuflle_64x128x256_F8_F8_B16_1x0x4x2_default,882.91,1574.25,0.0
gfx950,256,1216,7168,1024,torch.float8_e4m3fn,flydsl,1366,0,17.3106,flydsl_bpreshuflle_64x128x256_F8_F8_B16_1x0x4x1_default,1031.22,1503.0,0.0
gfx950,256,1216,7168,1536,torch.float8_e4m3fn,flydsl,928,0,23.4401,flydsl_bpreshuflle_64x128x256_F8_F8_B16_1x3x4x2_default,1142.33,1293.1,0.0
gfx950,256,1216,7168,1792,torch.float8_e4m3fn,ck,86,0,26.3916,a8w8_bpreshuffle_256x96x128x128_16x16_16x16_8x32x1_8x32x1_1x32x1x8_8x8x1_2x1_intrawave_v3,1183.68,1229.81,0.0
gfx950,256,1216,7168,4224,torch.float8_e4m3fn,ck,58,0,48.6178,a8w8_bpreshuffle_256x160x128x128_16x16_16x16_8x32x1_8x32x1_1x32x1x8_8x8x1_2x1_intrawave_v3,1514.57,1086.98,0.0
gfx950,256,1216,8448,7168,torch.float8_e4m3fn,flydsl,1000035,0,76.6781,flydsl_bpreshuffle_8w_256x256x128_F8_F8_B16_4x8,1920.63,1171.35,0.0
gfx950,256,1280,576,7168,torch.float8_e4m3fn,cktile,151,0,18.0335,a8w8_bpreshuffle_cktile_0x0x8x4x1x0x0x0x0x3_32x64x512_1x4x1_16x16x128_default,586.11,819.5,0.0
gfx950,256,1280,1536,128,torch.float8_e4m3fn,flydsl,1673,0,3.8918,flydsl_bpreshuflle_64x64x128_F8_F8_B16_0x2x0x1_default,129.33,1102.99,0.0
gfx950,256,1280,1536,1536,torch.float8_e4m3fn,flydsl,148,0,8.4255,flydsl_bpreshuflle_64x128x256_F8_F8_B16_1x0x0x2_default,716.85,980.06,0.0
gfx950,256,1280,1536,7168,torch.float8_e4m3fn,flydsl,458,0,24.3997,flydsl_bpreshuflle_64x128x256_F8_F8_B16_1x1x4x2_default,1155.17,988.42,0.0
gfx950,256,1280,2048,512,torch.float8_e4m3fn,flydsl,216,0,6.3158,flydsl_bpreshuflle_80x128x256_F8_F8_B16_1x0x4x2_default,425.02,1099.91,0.0
gfx950,256,1280,2176,7168,torch.float8_e4m3fn,flydsl,896,0,35.3078,flydsl_bpreshuflle_128x128x256_F8_F8_B16_1x3x0x2_default,1130.91,859.39,0.0
gfx950,256,1280,2304,1536,torch.float8_e4m3fn,flydsl,642,0,10.6771,flydsl_bpreshuflle_64x192x256_F8_F8_B16_1x2x0x2_default,848.52,1068.01,0.0
gfx950,256,1280,3072,512,torch.float8_e4m3fn,flydsl,275,0,7.3036,flydsl_bpreshuflle_64x256x128_F8_F8_B16_0x1x0x2_default,551.31,1381.86,0.0
gfx950,256,1280,3584,7168,torch.float8_e4m3fn,flydsl,464,0,43.0778,flydsl_bpreshuflle_80x128x256_F8_F8_B16_1x1x4x2_default,1526.7,1022.34,0.0
gfx950,256,1280,6400,7168,torch.float8_e4m3fn,flydsl,1000011,0,61.7528,flydsl_bpreshuffle_8w_128x256x128_F8_F8_B16_4x8,1901.78,1156.78,0.0
gfx950,256,1280,7168,768,torch.float8_e4m3fn,flydsl,1188,0,15.4695,flydsl_bpreshuflle_80x256x256_F8_F8_B16_0x0x0x1_default,911.01,1605.62,0.0
gfx950,256,1280,7168,1024,torch.float8_e4m3fn,flydsl,1250,0,16.6874,flydsl_bpreshuflle_80x256x256_F8_F8_B16_0x0x4x1_default,1126.03,1618.04,0.0
gfx950,256,1280,7168,1536,torch.float8_e4m3fn,flydsl,1498,0,21.7466,flydsl_bpreshuflle_80x256x256_F8_F8_B16_0x1x4x1_default,1296.1,1440.51,0.0
gfx950,256,1280,7168,1792,torch.float8_e4m3fn,flydsl,1498,0,24.076,flydsl_bpreshuflle_80x256x256_F8_F8_B16_0x1x4x1_default,1365.81,1390.97,0.0
gfx950,256,1280,7168,4224,torch.float8_e4m3fn,ck,156,0,46.479,a8w8_bpreshuffle_256x160x256x128_16x16_16x16_8x32x1_8x32x1_1x16x1x16_8x8x1_1x2_intrawave_v3,1667.65,1162.56,0.0
gfx950,256,1280,8448,7168,torch.float8_e4m3fn,flydsl,1000026,0,77.0231,flydsl_bpreshuffle_8w_256x256x128_F8_F8_B16_1x8,2012.66,1186.1,0.0
gfx950,256,1344,576,7168,torch.float8_e4m3fn,cktile,151,0,18.1577,a8w8_bpreshuffle_cktile_0x0x8x4x1x0x0x0x0x3_32x64x512_1x4x1_16x16x128_default,611.21,843.22,0.0
gfx950,256,1344,1536,128,torch.float8_e4m3fn,flydsl,751,0,4.4761,flydsl_bpreshuflle_32x256x128_F8_F8_B16_0x3x0x2_default,118.07,1004.76,0.0
gfx950,256,1344,1536,1536,torch.float8_e4m3fn,flydsl,458,0,8.8495,flydsl_bpreshuflle_64x128x256_F8_F8_B16_1x1x4x2_default,716.63,966.43,0.0
gfx950,256,1344,1536,7168,torch.float8_e4m3fn,flydsl,928,0,26.5111,flydsl_bpreshuflle_64x128x256_F8_F8_B16_1x3x4x2_default,1116.33,934.42,0.0
gfx950,256,1344,2048,512,torch.float8_e4m3fn,flydsl,470,0,6.0927,flydsl_bpreshuflle_96x128x256_F8_F8_B16_1x1x4x2_default,462.61,1188.59,0.0
gfx950,256,1344,2176,7168,torch.float8_e4m3fn,flydsl,1094,0,31.1124,flydsl_bpreshuflle_96x128x256_F8_F8_B16_1x4x0x2_default,1347.57,998.97,0.0
gfx950,256,1344,2304,1536,torch.float8_e4m3fn,flydsl,1094,0,10.3799,flydsl_bpreshuflle_96x128x256_F8_F8_B16_1x4x0x2_default,916.45,1136.47,0.0
gfx950,256,1344,3072,512,torch.float8_e4m3fn,flydsl,86,0,7.6056,flydsl_bpreshuflle_64x128x256_F8_F8_B16_0x0x4x2_default,555.89,1383.0,0.0
gfx950,256,1344,3584,7168,torch.float8_e4m3fn,flydsl,1143,0,46.3902,flydsl_bpreshuflle_96x128x256_F8_F8_B16_1x4x4x2_default,1488.57,969.12,0.0
gfx950,256,1344,6400,7168,torch.float8_e4m3fn,ck,158,0,69.8526,a8w8_bpreshuffle_256x192x256x128_16x16_16x16_8x32x1_8x32x1_1x16x1x16_8x8x1_1x2_intrawave_v3,1765.32,1040.94,0.0
gfx950,256,1344,7168,768,torch.float8_e4m3fn,flydsl,228,0,14.9085,flydsl_bpreshuflle_112x128x256_F8_F8_B16_1x0x4x2_default,992.55,1730.88,0.0
gfx950,256,1344,7168,1024,torch.float8_e4m3fn,flydsl,473,0,16.7575,flydsl_bpreshuflle_96x256x128_F8_F8_B16_1x1x4x2_default,1177.38,1669.93,0.0
gfx950,256,1344,7168,1536,torch.float8_e4m3fn,flydsl,946,0,21.9392,flydsl_bpreshuflle_112x128x256_F8_F8_B16_1x3x4x2_default,1348.96,1474.17,0.0
gfx950,256,1344,7168,1792,torch.float8_e4m3fn,flydsl,1257,0,24.192,flydsl_bpreshuflle_96x256x128_F8_F8_B16_0x0x4x1_default,1427.23,1426.96,0.0
gfx950,256,1344,7168,4224,torch.float8_e4m3fn,ck,158,0,48.8722,a8w8_bpreshuffle_256x192x256x128_16x16_16x16_8x32x1_8x32x1_1x16x1x16_8x8x1_1x2_intrawave_v3,1665.29,1129.93,0.0
gfx950,256,1344,8448,7168,torch.float8_e4m3fn,ck,158,0,78.6665,a8w8_bpreshuffle_256x192x256x128_16x16_16x16_8x32x1_8x32x1_1x16x1x16_8x8x1_1x2_intrawave_v3,2069.15,1180.9,0.0
gfx950,256,1408,576,7168,torch.float8_e4m3fn,cktile,37,0,18.5573,a8w8_bpreshuffle_cktile_0x0x8x4x1x0x0x0x0x2_32x64x512_1x4x1_16x16x128_default,626.52,853.75,0.0
gfx950,256,1408,1536,128,torch.float8_e4m3fn,flydsl,8,0,4.6045,flydsl_bpreshuflle_32x64x128_F8_F8_B16_0x0x0x2_default,120.24,1021.22,0.0
gfx950,256,1408,1536,1536,torch.float8_e4m3fn,flydsl,398,0,10.2481,flydsl_bpreshuflle_64x192x256_F8_F8_B16_1x1x0x2_default,648.29,863.32,0.0
gfx950,256,1408,1536,7168,torch.float8_e4m3fn,flydsl,702,0,31.597,flydsl_bpreshuflle_64x192x256_F8_F8_B16_1x2x4x2_default,981.24,804.76,0.0
gfx950,256,1408,2048,512,torch.float8_e4m3fn,flydsl,2287,0,6.6523,flydsl_bpreshuflle_64x128x256_F8_F8_B16_1x4x4x1_default,443.88,1132.94,0.0
gfx950,256,1408,2176,7168,torch.float8_e4m3fn,ck,63,0,35.9276,a8w8_bpreshuffle_256x128x128x256_16x16_16x16_16x16x1_16x16x1_1x32x1x8_8x8x1_2x1_intrawave_v3,1222.54,885.61,0.0
gfx950,256,1408,2304,1536,torch.float8_e4m3fn,flydsl,458,0,11.5649,flydsl_bpreshuflle_64x128x256_F8_F8_B16_1x1x4x2_default,861.72,1054.03,0.0
gfx950,256,1408,3072,512,torch.float8_e4m3fn,flydsl,1915,0,8.4503,flydsl_bpreshuflle_64x128x128_F8_F8_B16_0x3x0x1_default,524.15,1295.16,0.0
gfx950,256,1408,3584,7168,torch.float8_e4m3fn,flydsl,235,0,47.86,flydsl_bpreshuflle_128x192x128_F8_F8_B16_1x0x4x2_default,1511.56,958.53,0.0
gfx950,256,1408,6400,7168,torch.float8_e4m3fn,ck,58,0,74.9141,a8w8_bpreshuffle_256x160x128x128_16x16_16x16_8x32x1_8x32x1_1x32x1x8_8x8x1_2x1_intrawave_v3,1724.44,987.67,0.0
gfx950,256,1408,7168,768,torch.float8_e4m3fn,flydsl,1759,0,15.7638,flydsl_bpreshuflle_128x128x128_F8_F8_B16_0x2x4x1_default,983.4,1698.29,0.0
gfx950,256,1408,7168,1024,torch.float8_e4m3fn,flydsl,481,0,17.4122,flydsl_bpreshuflle_128x128x128_F8_F8_B16_1x1x4x2_default,1187.07,1663.6,0.0
gfx950,256,1408,7168,1536,torch.float8_e4m3fn,flydsl,1265,0,23.5123,flydsl_bpreshuflle_128x128x128_F8_F8_B16_0x0x4x1_default,1318.64,1418.74,0.0
gfx950,256,1408,7168,1792,torch.float8_e4m3fn,flydsl,481,0,26.1228,flydsl_bpreshuflle_128x128x128_F8_F8_B16_1x1x4x2_default,1384.68,1361.01,0.0
gfx950,256,1408,7168,4224,torch.float8_e4m3fn,flydsl,1000028,0,50.3582,flydsl_bpreshuffle_8w_256x256x128_F8_F8_B16_2x4,1693.11,1120.18,0.0
gfx950,256,1408,8448,7168,torch.float8_e4m3fn,flydsl,1000034,0,81.0034,flydsl_bpreshuffle_8w_256x256x128_F8_F8_B16_4x4,2105.14,1165.84,0.0
gfx950,256,1472,576,7168,torch.float8_e4m3fn,cktile,37,0,19.3033,a8w8_bpreshuffle_cktile_0x0x8x4x1x0x0x0x0x2_32x64x512_1x4x1_16x16x128_default,629.69,848.34,0.0
gfx950,256,1472,1536,128,torch.float8_e4m3fn,flydsl,744,0,4.7022,flydsl_bpreshuflle_32x64x128_F8_F8_B16_0x3x0x2_default,123.09,1043.56,0.0
gfx950,256,1472,1536,1536,torch.float8_e4m3fn,flydsl,702,0,10.3509,flydsl_bpreshuflle_64x192x256_F8_F8_B16_1x2x4x2_default,671.03,883.23,0.0
gfx950,256,1472,1536,7168,torch.float8_e4m3fn,cktile,125,0,31.8406,a8w8_bpreshuffle_cktile_0x0x8x4x1x0x0x0x0x2_80x128x256_1x4x1_16x16x128_default,1018.0,819.18,0.0
gfx950,256,1472,2048,512,torch.float8_e4m3fn,flydsl,700,0,6.8867,flydsl_bpreshuflle_64x128x256_F8_F8_B16_1x2x4x2_default,448.26,1137.2,0.0
gfx950,256,1472,2176,7168,torch.float8_e4m3fn,ck,121,0,37.9822,a8w8_bpreshuffle_256x64x128x256_16x16_16x16_16x16x1_16x16x1_1x16x1x16_8x8x1_1x2_intrawave_v3,1208.97,857.11,0.0
gfx950,256,1472,2304,1536,torch.float8_e4m3fn,flydsl,458,0,12.2738,flydsl_bpreshuflle_64x128x256_F8_F8_B16_1x1x4x2_default,848.85,1025.18,0.0
gfx950,256,1472,3072,512,torch.float8_e4m3fn,flydsl,2086,0,8.1783,flydsl_bpreshuflle_64x192x256_F8_F8_B16_1x3x4x1_default,566.19,1390.33,0.0
gfx950,256,1472,3584,7168,torch.float8_e4m3fn,flydsl,1000010,0,54.0826,flydsl_bpreshuffle_8w_128x256x128_F8_F8_B16_4x4,1398.45,865.21,0.0
gfx950,256,1472,6400,7168,torch.float8_e4m3fn,flydsl,1000026,0,76.2618,flydsl_bpreshuffle_8w_256x256x128_F8_F8_B16_1x8,1770.96,986.97,0.0
gfx950,256,1472,7168,768,torch.float8_e4m3fn,flydsl,1366,0,16.5143,flydsl_bpreshuflle_64x128x256_F8_F8_B16_1x0x4x1_default,981.38,1679.64,0.0
gfx950,256,1472,7168,1024,torch.float8_e4m3fn,flydsl,458,0,19.826,flydsl_bpreshuflle_64x128x256_F8_F8_B16_1x1x4x2_default,1089.94,1510.64,0.0
gfx950,256,1472,7168,1536,torch.float8_e4m3fn,flydsl,1000030,0,26.327,flydsl_bpreshuffle_8w_256x256x128_F8_F8_B16_3x0,1231.19,1305.64,0.0
gfx950,256,1472,7168,1792,torch.float8_e4m3fn,flydsl,1000033,0,28.4353,flydsl_bpreshuffle_8w_256x256x128_F8_F8_B16_4x0,1329.89,1286.62,0.0
gfx950,256,1472,7168,4224,torch.float8_e4m3fn,flydsl,1000030,0,50.6157,flydsl_bpreshuffle_8w_256x256x128_F8_F8_B16_3x0,1761.06,1137.95,0.0
gfx950,256,1472,8448,7168,torch.float8_e4m3fn,flydsl,1000032,0,82.7618,flydsl_bpreshuffle_8w_256x256x128_F8_F8_B16_3x8,2154.07,1159.68,0.0
gfx950,256,1536,576,7168,torch.float8_e4m3fn,ck,114,0,19.6575,a8w8_bpreshuffle_256x64x64x256_16x16_16x16_16x16x1_16x16x1_1x32x1x8_8x8x1_2x1_intrawave_v3,645.23,860.14,0.0
gfx950,256,1536,1536,128,torch.float8_e4m3fn,flydsl,259,0,4.4003,flydsl_bpreshuflle_32x128x128_F8_F8_B16_0x1x0x2_default,137.26,1161.7,0.0
gfx950,256,1536,1536,1536,torch.float8_e4m3fn,flydsl,515,0,9.4529,flydsl_bpreshuflle_48x192x256_F8_F8_B16_0x2x0x2_default,766.72,998.34,0.0
gfx950,256,1536,1536,7168,torch.float8_e4m3fn,flydsl,222,0,28.7393,flydsl_bpreshuflle_96x128x256_F8_F8_B16_1x0x4x2_default,1176.89,930.39,0.0
gfx950,256,1536,2048,512,torch.float8_e4m3fn,flydsl,470,0,6.7767,flydsl_bpreshuflle_96x128x256_F8_F8_B16_1x1x4x2_default,475.34,1199.18,0.0
gfx950,256,1536,2176,7168,torch.float8_e4m3fn,ck,139,0,36.8602,a8w8_bpreshuffle_256x128x128x256_16x16_16x16_16x16x1_16x16x1_1x16x1x16_8x8x1_1x2_intrawave_v3,1299.93,903.2,0.0
gfx950,256,1536,2304,1536,torch.float8_e4m3fn,flydsl,172,0,11.8924,flydsl_bpreshuflle_128x128x256_F8_F8_B16_1x0x0x2_default,914.17,1091.13,0.0
gfx950,256,1536,3072,512,torch.float8_e4m3fn,flydsl,222,0,8.176,flydsl_bpreshuflle_96x128x256_F8_F8_B16_1x0x4x2_default,590.98,1442.82,0.0
gfx950,256,1536,3584,7168,torch.float8_e4m3fn,flydsl,712,0,48.6803,flydsl_bpreshuflle_96x128x256_F8_F8_B16_1x2x4x2_default,1621.19,980.07,0.0
gfx950,256,1536,6400,7168,torch.float8_e4m3fn,ck,47,0,73.7105,a8w8_bpreshuffle_256x192x256x128_16x16_16x16_8x32x1_8x32x1_1x32x1x8_8x8x1_2x1_intrawave_v3,1911.92,1038.47,0.0
gfx950,256,1536,7168,768,torch.float8_e4m3fn,flydsl,225,0,15.8479,flydsl_bpreshuflle_96x256x128_F8_F8_B16_1x0x4x2_default,1067.11,1811.27,0.0
gfx950,256,1536,7168,1024,torch.float8_e4m3fn,flydsl,473,0,17.8559,flydsl_bpreshuflle_96x256x128_F8_F8_B16_1x1x4x2_default,1262.81,1732.37,0.0
gfx950,256,1536,7168,1536,torch.float8_e4m3fn,flydsl,225,0,22.9828,flydsl_bpreshuflle_96x256x128_F8_F8_B16_1x0x4x2_default,1471.66,1539.82,0.0
gfx950,256,1536,7168,1792,torch.float8_e4m3fn,flydsl,488,0,25.1829,flydsl_bpreshuflle_192x128x128_F8_F8_B16_1x1x4x2_default,1566.94,1493.78,0.0
gfx950,256,1536,7168,4224,torch.float8_e4m3fn,flydsl,1000034,0,50.7625,flydsl_bpreshuffle_8w_256x256x128_F8_F8_B16_4x4,1832.31,1158.06,0.0
gfx950,256,1536,8448,7168,torch.float8_e4m3fn,flydsl,1000034,0,84.049,flydsl_bpreshuffle_8w_256x256x128_F8_F8_B16_4x4,2213.3,1160.25,0.0
gfx950,256,1600,576,7168,torch.float8_e4m3fn,cktile,37,0,19.2888,a8w8_bpreshuffle_cktile_0x0x8x4x1x0x0x0x0x2_32x64x512_1x4x1_16x16x128_default,684.96,904.19,0.0
gfx950,256,1600,1536,128,torch.float8_e4m3fn,flydsl,2225,0,4.3481,flydsl_bpreshuflle_32x128x128_F8_F8_B16_1x4x0x1_default,144.69,1222.74,0.0
gfx950,256,1600,1536,1536,torch.float8_e4m3fn,flydsl,646,0,9.0993,flydsl_bpreshuflle_80x128x256_F8_F8_B16_1x2x0x2_default,829.71,1069.54,0.0
gfx950,256,1600,1536,7168,torch.float8_e4m3fn,flydsl,464,0,27.3492,flydsl_bpreshuflle_80x128x256_F8_F8_B16_1x1x4x2_default,1288.23,1001.64,0.0
gfx950,256,1600,2048,512,torch.float8_e4m3fn,flydsl,700,0,7.0941,flydsl_bpreshuflle_64x128x256_F8_F8_B16_1x2x4x2_default,472.99,1187.1,0.0
gfx950,256,1600,2176,7168,torch.float8_e4m3fn,flydsl,1972,0,38.0186,flydsl_bpreshuflle_64x128x256_F8_F8_B16_0x3x4x1_default,1312.84,895.08,0.0
gfx950,256,1600,2304,1536,torch.float8_e4m3fn,flydsl,403,0,11.6687,flydsl_bpreshuflle_80x192x256_F8_F8_B16_1x1x0x2_default,970.51,1145.74,0.0
gfx950,256,1600,3072,512,torch.float8_e4m3fn,flydsl,878,0,8.4003,flydsl_bpreshuflle_80x128x256_F8_F8_B16_1x3x0x2_default,599.16,1455.0,0.0
gfx950,256,1600,3584,7168,torch.float8_e4m3fn,flydsl,1000011,0,55.0691,flydsl_bpreshuffle_8w_128x256x128_F8_F8_B16_4x8,1492.82,883.03,0.0
gfx950,256,1600,6400,7168,torch.float8_e4m3fn,ck,54,0,70.3005,a8w8_bpreshuffle_256x160x256x128_16x16_16x16_8x32x1_8x32x1_1x32x1x8_8x8x1_2x1_intrawave_v3,2088.19,1107.02,0.0
gfx950,256,1600,7168,768,torch.float8_e4m3fn,flydsl,461,0,16.912,flydsl_bpreshuflle_64x256x128_F8_F8_B16_1x1x4x2_default,1041.63,1754.46,0.0
gfx950,256,1600,7168,1024,torch.float8_e4m3fn,flydsl,1372,0,20.2316,flydsl_bpreshuflle_80x128x256_F8_F8_B16_1x0x4x1_default,1160.96,1577.53,0.0
gfx950,256,1600,7168,1536,torch.float8_e4m3fn,flydsl,486,0,25.2124,flydsl_bpreshuflle_160x192x128_F8_F8_B16_1x1x4x2_default,1397.41,1443.94,0.0
gfx950,256,1600,7168,1792,torch.float8_e4m3fn,flydsl,1000030,0,28.9018,flydsl_bpreshuffle_8w_256x256x128_F8_F8_B16_3x0,1422.2,1337.28,0.0
gfx950,256,1600,7168,4224,torch.float8_e4m3fn,flydsl,1000031,0,52.4459,flydsl_bpreshuffle_8w_256x256x128_F8_F8_B16_3x4,1847.4,1143.53,0.0
gfx950,256,1600,8448,7168,torch.float8_e4m3fn,flydsl,1000029,0,85.6592,flydsl_bpreshuffle_8w_256x256x128_F8_F8_B16_2x8,2262.18,1156.42,0.0
gfx950,256,1664,576,7168,torch.float8_e4m3fn,cktile,9,0,19.4973,a8w8_bpreshuffle_cktile_0x0x8x4x1x0x0x0x0x1_32x64x512_1x4x1_16x16x128_default,704.74,921.83,0.0
gfx950,256,1664,1536,128,torch.float8_e4m3fn,flydsl,8,0,4.8464,flydsl_bpreshuflle_32x64x128_F8_F8_B16_0x0x0x2_default,135.01,1139.28,0.0
gfx950,256,1664,1536,1536,torch.float8_e4m3fn,flydsl,150,0,10.4595,flydsl_bpreshuflle_64x192x256_F8_F8_B16_1x0x0x2_default,750.68,958.65,0.0
gfx950,256,1664,1536,7168,torch.float8_e4m3fn,flydsl,212,0,32.4671,flydsl_bpreshuflle_64x192x256_F8_F8_B16_1x0x4x2_default,1128.57,863.93,0.0
gfx950,256,1664,2048,512,torch.float8_e4m3fn,flydsl,700,0,6.8783,flydsl_bpreshuflle_64x128x256_F8_F8_B16_1x2x4x2_default,507.34,1267.22,0.0
gfx950,256,1664,2176,7168,torch.float8_e4m3fn,flydsl,1152,0,37.9874,flydsl_bpreshuflle_128x128x256_F8_F8_B16_1x4x4x2_default,1366.47,915.22,0.0
gfx950,256,1664,2304,1536,torch.float8_e4m3fn,flydsl,210,0,12.3389,flydsl_bpreshuflle_64x128x256_F8_F8_B16_1x0x4x2_default,954.51,1115.38,0.0
gfx950,256,1664,3072,512,torch.float8_e4m3fn,flydsl,2086,0,8.8682,flydsl_bpreshuflle_64x192x256_F8_F8_B16_1x3x4x1_default,590.25,1426.27,0.0
gfx950,256,1664,3584,7168,torch.float8_e4m3fn,ck,0,0,53.5943,a8w8_bpreshuffle_256x128x128x128_16x16_16x16_8x32x1_8x32x1_1x32x1x8_8x8x1_2x1_intrawave_v3,1595.26,924.45,0.0
gfx950,256,1664,6400,7168,torch.float8_e4m3fn,flydsl,1000025,0,77.6043,flydsl_bpreshuffle_8w_256x256x128_F8_F8_B16_1x4,1967.32,1019.3,0.0
gfx950,256,1664,7168,768,torch.float8_e4m3fn,flydsl,1265,0,16.6878,flydsl_bpreshuflle_128x128x128_F8_F8_B16_0x0x4x1_default,1097.85,1835.96,0.0
gfx950,256,1664,7168,1024,torch.float8_e4m3fn,flydsl,1759,0,19.3209,flydsl_bpreshuflle_128x128x128_F8_F8_B16_0x2x4x1_default,1264.31,1702.77,0.0
gfx950,256,1664,7168,1536,torch.float8_e4m3fn,flydsl,723,0,25.0145,flydsl_bpreshuflle_128x128x128_F8_F8_B16_1x2x4x2_default,1464.81,1495.97,0.0
gfx950,256,1664,7168,1792,torch.float8_e4m3fn,flydsl,1513,0,28.1913,flydsl_bpreshuflle_128x128x128_F8_F8_B16_0x1x4x1_default,1516.37,1407.6,0.0
gfx950,256,1664,7168,4224,torch.float8_e4m3fn,flydsl,1000033,0,53.0971,flydsl_bpreshuffle_8w_256x256x128_F8_F8_B16_4x0,1897.73,1151.88,0.0
gfx950,256,1664,8448,7168,torch.float8_e4m3fn,flydsl,1000028,0,87.2051,flydsl_bpreshuffle_8w_256x256x128_F8_F8_B16_2x4,2310.96,1153.58,0.0
gfx950,256,1728,576,7168,torch.float8_e4m3fn,ck,114,0,19.9536,a8w8_bpreshuffle_256x64x64x256_16x16_16x16_16x16x1_16x16x1_1x32x1x8_8x8x1_2x1_intrawave_v3,715.11,927.44,0.0
gfx950,256,1728,1536,128,torch.float8_e4m3fn,flydsl,2225,0,4.9546,flydsl_bpreshuflle_32x128x128_F8_F8_B16_1x4x0x1_default,137.14,1155.74,0.0
gfx950,256,1728,1536,1536,torch.float8_e4m3fn,flydsl,1094,0,9.7987,flydsl_bpreshuflle_96x128x256_F8_F8_B16_1x4x0x2_default,832.12,1053.4,0.0
gfx950,256,1728,1536,7168,torch.float8_e4m3fn,flydsl,712,0,30.2005,flydsl_bpreshuflle_96x128x256_F8_F8_B16_1x2x4x2_default,1259.94,950.47,0.0
gfx950,256,1728,2048,512,torch.float8_e4m3fn,flydsl,700,0,6.9785,flydsl_bpreshuflle_64x128x256_F8_F8_B16_1x2x4x2_default,519.29,1291.28,0.0
gfx950,256,1728,2176,7168,torch.float8_e4m3fn,ck,121,0,42.8178,a8w8_bpreshuffle_256x64x128x256_16x16_16x16_16x16x1_16x16x1_1x16x1x16_8x8x1_1x2_intrawave_v3,1258.94,829.19,0.0
gfx950,256,1728,2304,1536,torch.float8_e4m3fn,flydsl,1145,0,13.1356,flydsl_bpreshuflle_96x192x256_F8_F8_B16_1x4x4x2_default,931.1,1077.66,0.0
gfx950,256,1728,3072,512,torch.float8_e4m3fn,flydsl,222,0,8.8648,flydsl_bpreshuflle_96x128x256_F8_F8_B16_1x0x4x2_default,613.19,1474.87,0.0
gfx950,256,1728,3584,7168,torch.float8_e4m3fn,flydsl,473,0,52.2463,flydsl_bpreshuflle_96x256x128_F8_F8_B16_1x1x4x2_default,1699.36,965.86,0.0
gfx950,256,1728,6400,7168,torch.float8_e4m3fn,ck,158,0,75.4913,a8w8_bpreshuffle_256x192x256x128_16x16_16x16_8x32x1_8x32x1_1x16x1x16_8x8x1_1x2_intrawave_v3,2100.17,1064.76,0.0
gfx950,256,1728,7168,768,torch.float8_e4m3fn,flydsl,488,0,16.4837,flydsl_bpreshuflle_192x128x128_F8_F8_B16_1x1x4x2_default,1154.19,1917.33,0.0
gfx950,256,1728,7168,1024,torch.float8_e4m3fn,flydsl,473,0,19.1408,flydsl_bpreshuflle_96x256x128_F8_F8_B16_1x1x4x2_default,1325.29,1770.15,0.0
gfx950,256,1728,7168,1536,torch.float8_e4m3fn,flydsl,730,0,24.6808,flydsl_bpreshuflle_192x128x128_F8_F8_B16_1x2x4x2_default,1541.71,1557.36,0.0
gfx950,256,1728,7168,1792,torch.float8_e4m3fn,flydsl,488,0,27.4767,flydsl_bpreshuflle_192x128x128_F8_F8_B16_1x1x4x2_default,1615.64,1481.77,0.0
gfx950,256,1728,7168,4224,torch.float8_e4m3fn,flydsl,1000031,0,52.5599,flydsl_bpreshuffle_8w_256x256x128_F8_F8_B16_3x4,1990.86,1186.25,0.0
gfx950,256,1728,8448,7168,torch.float8_e4m3fn,flydsl,1000032,0,87.8391,flydsl_bpreshuffle_8w_256x256x128_F8_F8_B16_3x8,2382.53,1162.78,0.0
gfx950,256,1792,576,7168,torch.float8_e4m3fn,ck,114,0,19.9592,a8w8_bpreshuffle_256x64x64x256_16x16_16x16_16x16x1_16x16x1_1x32x1x8_8x8x1_2x1_intrawave_v3,741.39,953.86,0.0
gfx950,256,1792,1536,128,torch.float8_e4m3fn,flydsl,1177,0,4.4757,flydsl_bpreshuflle_64x64x128_F8_F8_B16_0x0x0x1_default,157.44,1325.16,0.0
gfx950,256,1792,1536,1536,torch.float8_e4m3fn,flydsl,398,0,10.5754,flydsl_bpreshuflle_64x192x256_F8_F8_B16_1x1x0x2_default,799.56,1003.92,0.0
gfx950,256,1792,1536,7168,torch.float8_e4m3fn,flydsl,1147,0,32.3124,flydsl_bpreshuflle_112x128x256_F8_F8_B16_1x4x4x2_default,1221.2,908.63,0.0
gfx950,256,1792,2048,512,torch.float8_e4m3fn,flydsl,27,0,7.222,flydsl_bpreshuflle_64x256x128_F8_F8_B16_0x0x0x2_default,520.37,1288.58,0.0
gfx950,256,1792,2176,7168,torch.float8_e4m3fn,flydsl,896,0,39.1446,flydsl_bpreshuflle_128x128x256_F8_F8_B16_1x3x0x2_default,1428.08,925.83,0.0
gfx950,256,1792,2304,1536,torch.float8_e4m3fn,flydsl,1103,0,12.3725,flydsl_bpreshuflle_128x128x256_F8_F8_B16_1x4x0x2_default,1025.14,1175.91,0.0
gfx950,256,1792,3072,512,torch.float8_e4m3fn,flydsl,2030,0,8.8294,flydsl_bpreshuflle_64x192x256_F8_F8_B16_1x3x0x1_default,638.45,1529.03,0.0
gfx950,256,1792,3584,7168,torch.float8_e4m3fn,flydsl,476,0,54.6688,flydsl_bpreshuflle_112x128x256_F8_F8_B16_1x1x4x2_default,1684.2,939.85,0.0
gfx950,256,1792,6400,7168,torch.float8_e4m3fn,flydsl,1000026,0,79.345,flydsl_bpreshuffle_8w_256x256x128_F8_F8_B16_1x8,2072.17,1029.15,0.0
gfx950,256,1792,7168,768,torch.float8_e4m3fn,flydsl,490,0,16.8013,flydsl_bpreshuflle_224x128x128_F8_F8_B16_1x1x4x2_default,1174.31,1938.62,0.0
gfx950,256,1792,7168,1024,torch.float8_e4m3fn,flydsl,490,0,20.3206,flydsl_bpreshuflle_224x128x128_F8_F8_B16_1x1x4x2_default,1294.58,1715.75,0.0
gfx950,256,1792,7168,1536,torch.float8_e4m3fn,flydsl,958,0,26.4406,flydsl_bpreshuflle_224x128x128_F8_F8_B16_1x3x4x2_default,1492.4,1492.12,0.0
gfx950,256,1792,7168,1792,torch.float8_e4m3fn,flydsl,490,0,29.0235,flydsl_bpreshuflle_224x128x128_F8_F8_B16_1x1x4x2_default,1586.19,1438.37,0.0
gfx950,256,1792,7168,4224,torch.float8_e4m3fn,flydsl,1000031,0,53.4479,flydsl_bpreshuffle_8w_256x256x128_F8_F8_B16_3x4,2030.3,1188.77,0.0
gfx950,256,1792,8448,7168,torch.float8_e4m3fn,flydsl,1000035,0,89.5263,flydsl_bpreshuffle_8w_256x256x128_F8_F8_B16_4x8,2424.2,1158.07,0.0
gfx950,256,1856,576,7168,torch.float8_e4m3fn,cktile,78,0,21.3621,a8w8_bpreshuffle_cktile_0x0x8x4x1x0x0x0x0x1_48x64x256_1x4x1_16x16x128_default,717.44,916.14,0.0
gfx950,256,1856,1536,128,torch.float8_e4m3fn,flydsl,1415,0,5.0988,flydsl_bpreshuflle_32x128x128_F8_F8_B16_0x1x0x1_default,143.13,1203.38,0.0
gfx950,256,1856,1536,1536,torch.float8_e4m3fn,flydsl,212,0,10.6358,flydsl_bpreshuflle_64x192x256_F8_F8_B16_1x0x4x2_default,823.42,1025.94,0.0
gfx950,256,1856,1536,7168,torch.float8_e4m3fn,flydsl,212,0,32.8664,flydsl_bpreshuflle_64x192x256_F8_F8_B16_1x0x4x2_default,1243.5,913.26,0.0
gfx950,256,1856,2048,512,torch.float8_e4m3fn,flydsl,700,0,7.4692,flydsl_bpreshuflle_64x128x256_F8_F8_B16_1x2x4x2_default,521.12,1285.42,0.0
gfx950,256,1856,2176,7168,torch.float8_e4m3fn,flydsl,1972,0,43.5562,flydsl_bpreshuflle_64x128x256_F8_F8_B16_0x3x4x1_default,1329.28,848.99,0.0
gfx950,256,1856,2304,1536,torch.float8_e4m3fn,flydsl,1243,0,14.5383,flydsl_bpreshuflle_64x192x128_F8_F8_B16_0x0x4x1_default,903.58,1027.78,0.0
gfx950,256,1856,3072,512,torch.float8_e4m3fn,flydsl,2086,0,9.2742,flydsl_bpreshuflle_64x192x256_F8_F8_B16_1x3x4x1_default,629.54,1501.63,0.0
gfx950,256,1856,3584,7168,torch.float8_e4m3fn,flydsl,1000011,0,56.9873,flydsl_bpreshuffle_8w_128x256x128_F8_F8_B16_4x8,1673.39,917.71,0.0
gfx950,256,1856,6400,7168,torch.float8_e4m3fn,flydsl,1000032,0,81.4519,flydsl_bpreshuffle_8w_256x256x128_F8_F8_B16_3x8,2090.67,1018.22,0.0
gfx950,256,1856,7168,768,torch.float8_e4m3fn,flydsl,1000024,0,19.6,flydsl_bpreshuffle_8w_256x256x128_F8_F8_B16_1x0,1042.58,1711.12,0.0
gfx950,256,1856,7168,1024,torch.float8_e4m3fn,flydsl,1000029,0,22.1131,flydsl_bpreshuffle_8w_256x256x128_F8_F8_B16_2x8,1232.13,1621.13,0.0
gfx950,256,1856,7168,1536,torch.float8_e4m3fn,flydsl,1000029,0,27.5264,flydsl_bpreshuffle_8w_256x256x128_F8_F8_B16_2x8,1484.73,1470.17,0.0
gfx950,256,1856,7168,1792,torch.float8_e4m3fn,flydsl,1000032,0,29.9217,flydsl_bpreshuffle_8w_256x256x128_F8_F8_B16_3x8,1593.52,1429.69,0.0
gfx950,256,1856,7168,4224,torch.float8_e4m3fn,flydsl,1000033,0,56.5836,flydsl_bpreshuffle_8w_256x256x128_F8_F8_B16_4x0,1986.27,1143.88,0.0
gfx950,256,1856,8448,7168,torch.float8_e4m3fn,flydsl,1000020,0,97.2216,flydsl_bpreshuffle_8w_128x512x128_F8_F8_B16_3x8,2312.05,1082.25,0.0
gfx950,256,1920,576,7168,torch.float8_e4m3fn,ck,113,0,20.5474,a8w8_bpreshuffle_256x48x64x256_16x16_16x16_16x16x1_16x16x1_1x16x1x16_4x4x1_1x1_intrawave_v1,771.6,978.38,0.0
gfx950,256,1920,1536,128,torch.float8_e4m3fn,flydsl,1177,0,4.639,flydsl_bpreshuflle_64x64x128_F8_F8_B16_0x0x0x1_default,162.75,1366.8,0.0
gfx950,256,1920,1536,1536,torch.float8_e4m3fn,flydsl,1094,0,10.1183,flydsl_bpreshuflle_96x128x256_F8_F8_B16_1x4x0x2_default,895.38,1107.56,0.0
gfx950,256,1920,1536,7168,torch.float8_e4m3fn,flydsl,1094,0,30.1475,flydsl_bpreshuflle_96x128x256_F8_F8_B16_1x4x0x2_default,1402.39,1017.36,0.0
gfx950,256,1920,2048,512,torch.float8_e4m3fn,flydsl,700,0,7.2664,flydsl_bpreshuflle_64x128x256_F8_F8_B16_1x2x4x2_default,554.13,1361.88,0.0
gfx950,256,1920,2176,7168,torch.float8_e4m3fn,flydsl,952,0,40.3202,flydsl_bpreshuflle_128x128x256_F8_F8_B16_1x3x4x2_default,1485.48,935.41,0.0
gfx950,256,1920,2304,1536,torch.float8_e4m3fn,flydsl,162,0,13.3113,flydsl_bpreshuflle_96x192x256_F8_F8_B16_1x0x0x2_default,1020.9,1152.06,0.0
gfx950,256,1920,3072,512,torch.float8_e4m3fn,flydsl,470,0,8.8695,flydsl_bpreshuflle_96x128x256_F8_F8_B16_1x1x4x2_default,680.96,1618.17,0.0
gfx950,256,1920,3584,7168,torch.float8_e4m3fn,flydsl,1000002,0,58.1379,flydsl_bpreshuffle_8w_128x256x128_F8_F8_B16_1x8,1696.83,915.33,0.0
gfx950,256,1920,6400,7168,torch.float8_e4m3fn,ck,158,0,78.6064,a8w8_bpreshuffle_256x192x256x128_16x16_16x16_8x32x1_8x32x1_1x16x1x16_8x8x1_1x2_intrawave_v3,2241.05,1071.33,0.0
gfx950,256,1920,7168,768,torch.float8_e4m3fn,flydsl,728,0,17.3239,flydsl_bpreshuflle_160x192x128_F8_F8_B16_1x2x4x2_default,1220.24,1991.74,0.0
gfx950,256,1920,7168,1024,torch.float8_e4m3fn,flydsl,238,0,20.6884,flydsl_bpreshuflle_160x192x128_F8_F8_B16_1x0x4x2_default,1362.39,1780.28,0.0
gfx950,256,1920,7168,1536,torch.float8_e4m3fn,flydsl,238,0,26.7022,flydsl_bpreshuflle_160x192x128_F8_F8_B16_1x0x4x2_default,1583.34,1553.59,0.0
gfx950,256,1920,7168,1792,torch.float8_e4m3fn,flydsl,1000027,0,29.8981,flydsl_bpreshuffle_8w_256x256x128_F8_F8_B16_2x0,1649.77,1465.34,0.0
gfx950,256,1920,7168,4224,torch.float8_e4m3fn,flydsl,1000034,0,55.4307,flydsl_bpreshuffle_8w_256x256x128_F8_F8_B16_4x4,2097.5,1189.1,0.0
gfx950,256,1920,8448,7168,torch.float8_e4m3fn,flydsl,1000014,0,97.3512,flydsl_bpreshuffle_8w_128x512x128_F8_F8_B16_1x8,2388.59,1096.63,0.0
gfx950,256,1984,576,7168,torch.float8_e4m3fn,cktile,83,0,21.3825,a8w8_bpreshuffle_cktile_0x0x8x4x1x0x0x0x0x1_48x64x256_1x4x1_16x16x128_default,766.19,965.07,0.0
gfx950,256,1984,1536,128,torch.float8_e4m3fn,flydsl,1903,0,4.7038,flydsl_bpreshuflle_32x128x128_F8_F8_B16_0x3x0x1_default,165.85,1391.51,0.0
gfx950,256,1984,1536,1536,torch.float8_e4m3fn,flydsl,702,0,10.7138,flydsl_bpreshuflle_64x192x256_F8_F8_B16_1x2x4x2_default,873.8,1073.53,0.0
gfx950,256,1984,1536,7168,torch.float8_e4m3fn,flydsl,702,0,33.3899,flydsl_bpreshuflle_64x192x256_F8_F8_B16_1x2x4x2_default,1308.42,938.19,0.0
gfx950,256,1984,2048,512,torch.float8_e4m3fn,flydsl,86,0,7.3495,flydsl_bpreshuflle_64x128x256_F8_F8_B16_0x0x4x2_default,566.13,1386.6,0.0
gfx950,256,1984,2176,7168,torch.float8_e4m3fn,cktile,125,0,47.2451,a8w8_bpreshuffle_cktile_0x0x8x4x1x0x0x0x0x2_80x128x256_1x4x1_16x16x128_default,1310.0,813.91,0.0
gfx950,256,1984,2304,1536,torch.float8_e4m3fn,flydsl,1737,0,14.8183,flydsl_bpreshuflle_64x192x128_F8_F8_B16_0x2x4x1_default,947.65,1061.43,0.0
gfx950,256,1984,3072,512,torch.float8_e4m3fn,flydsl,2086,0,9.5607,flydsl_bpreshuflle_64x192x256_F8_F8_B16_1x3x4x1_default,652.79,1545.74,0.0
gfx950,256,1984,3584,7168,torch.float8_e4m3fn,flydsl,1000005,0,58.4028,flydsl_bpreshuffle_8w_128x256x128_F8_F8_B16_2x8,1745.44,926.89,0.0
gfx950,256,1984,6400,7168,torch.float8_e4m3fn,flydsl,1000028,0,81.3942,flydsl_bpreshuffle_8w_256x256x128_F8_F8_B16_2x4,2236.43,1050.34,0.0
gfx950,256,1984,7168,768,torch.float8_e4m3fn,flydsl,1000027,0,20.1932,flydsl_bpreshuffle_8w_256x256x128_F8_F8_B16_2x0,1081.75,1756.6,0.0
gfx950,256,1984,7168,1024,torch.float8_e4m3fn,flydsl,1000033,0,22.2934,flydsl_bpreshuffle_8w_256x256x128_F8_F8_B16_4x0,1306.45,1696.21,0.0
gfx950,256,1984,7168,1536,torch.float8_e4m3fn,flydsl,1000034,0,28.1024,flydsl_bpreshuffle_8w_256x256x128_F8_F8_B16_4x4,1554.6,1512.33,0.0
gfx950,256,1984,7168,1792,torch.float8_e4m3fn,flydsl,1000026,0,30.9536,flydsl_bpreshuffle_8w_256x256x128_F8_F8_B16_1x8,1646.63,1448.72,0.0
gfx950,256,1984,7168,4224,torch.float8_e4m3fn,flydsl,1000029,0,56.4579,flydsl_bpreshuffle_8w_256x256x128_F8_F8_B16_2x8,2127.99,1188.51,0.0
gfx950,256,1984,8448,7168,torch.float8_e4m3fn,cktile,55,0,130.0307,a8w8_bpreshuffle_cktile_0x0x8x4x1x0x0x0x0x2_128x192x128_1x4x1_16x16x128_default,1847.9,832.87,0.0
gfx950,256,2112,576,7168,torch.float8_e4m3fn,cktile,116,0,22.9983,a8w8_bpreshuffle_cktile_0x0x8x4x1x0x0x0x0x2_48x64x256_1x4x1_16x16x128_default,758.31,943.57,0.0
gfx950,256,2112,1536,128,torch.float8_e4m3fn,flydsl,751,0,4.9562,flydsl_bpreshuflle_32x256x128_F8_F8_B16_0x3x0x2_default,167.56,1403.29,0.0
gfx950,256,2112,1536,1536,torch.float8_e4m3fn,flydsl,228,0,11.3838,flydsl_bpreshuflle_112x128x256_F8_F8_B16_1x0x4x2_default,875.43,1062.16,0.0
gfx950,256,2112,1536,7168,torch.float8_e4m3fn,flydsl,228,0,35.5741,flydsl_bpreshuflle_112x128x256_F8_F8_B16_1x0x4x2_default,1307.31,917.44,0.0
gfx950,256,2112,2048,512,torch.float8_e4m3fn,flydsl,2134,0,7.9133,flydsl_bpreshuflle_48x128x256_F8_F8_B16_0x4x0x1_default,559.71,1362.35,0.0
gfx950,256,2112,2176,7168,torch.float8_e4m3fn,ck,86,0,44.9162,a8w8_bpreshuffle_256x96x128x128_16x16_16x16_8x32x1_8x32x1_1x32x1x8_8x8x1_2x1_intrawave_v3,1466.82,888.94,0.0
gfx950,256,2112,2304,1536,torch.float8_e4m3fn,flydsl,712,0,14.3103,flydsl_bpreshuflle_96x128x256_F8_F8_B16_1x2x4x2_default,1044.6,1154.07,0.0
gfx950,256,2112,3072,512,torch.float8_e4m3fn,flydsl,228,0,9.9513,flydsl_bpreshuflle_112x128x256_F8_F8_B16_1x0x4x2_default,667.63,1570.68,0.0
gfx950,256,2112,3584,7168,torch.float8_e4m3fn,flydsl,1000011,0,59.0932,flydsl_bpreshuffle_8w_128x256x128_F8_F8_B16_4x8,1836.34,947.11,0.0
gfx950,256,2112,6400,7168,torch.float8_e4m3fn,flydsl,1000035,0,87.6864,flydsl_bpreshuffle_8w_256x256x128_F8_F8_B16_4x8,2209.88,1004.12,0.0
gfx950,256,2112,7168,768,torch.float8_e4m3fn,flydsl,1000033,0,20.4168,flydsl_bpreshuffle_8w_256x256x128_F8_F8_B16_4x0,1138.93,1832.05,0.0
gfx950,256,2112,7168,1024,torch.float8_e4m3fn,flydsl,1000024,0,22.557,flydsl_bpreshuffle_8w_256x256x128_F8_F8_B16_1x0,1374.49,1763.55,0.0
gfx950,256,2112,7168,1536,torch.float8_e4m3fn,flydsl,1000033,0,29.0065,flydsl_bpreshuffle_8w_256x256x128_F8_F8_B16_4x0,1603.31,1535.23,0.0
gfx950,256,2112,7168,1792,torch.float8_e4m3fn,flydsl,1000029,0,31.261,flydsl_bpreshuffle_8w_256x256x128_F8_F8_B16_2x8,1735.63,1500.51,0.0
gfx950,256,2112,7168,4224,torch.float8_e4m3fn,flydsl,1000030,0,60.4048,flydsl_bpreshuffle_8w_256x256x128_F8_F8_B16_3x0,2117.26,1150.18,0.0
gfx950,256,2112,8448,7168,torch.float8_e4m3fn,ck,153,0,121.557,a8w8_bpreshuffle_256x192x192x128_16x16_16x16_8x32x1_8x32x1_1x32x1x8_8x8x1_2x1_intrawave_v3,2104.24,916.27,0.0
gfx950,256,2176,576,7168,torch.float8_e4m3fn,cktile,83,0,23.651,a8w8_bpreshuffle_cktile_0x0x8x4x1x0x0x0x0x1_48x64x256_1x4x1_16x16x128_default,759.73,940.05,0.0
gfx950,256,2176,1536,128,torch.float8_e4m3fn,flydsl,139,0,4.8646,flydsl_bpreshuflle_32x256x128_F8_F8_B16_1x0x0x2_default,175.89,1471.82,0.0
gfx950,256,2176,1536,1536,torch.float8_e4m3fn,flydsl,166,0,10.8011,flydsl_bpreshuflle_112x128x256_F8_F8_B16_1x0x0x2_default,950.61,1146.76,0.0
gfx950,256,2176,1536,7168,torch.float8_e4m3fn,flydsl,414,0,33.7965,flydsl_bpreshuflle_112x128x256_F8_F8_B16_1x1x0x2_default,1417.77,985.08,0.0
gfx950,256,2176,2048,512,torch.float8_e4m3fn,flydsl,1915,0,8.4963,flydsl_bpreshuflle_64x128x128_F8_F8_B16_0x3x0x1_default,537.1,1303.58,0.0
gfx950,256,2176,2176,7168,torch.float8_e4m3fn,flydsl,659,0,45.2395,flydsl_bpreshuflle_112x192x256_F8_F8_B16_1x2x0x2_default,1500.47,898.88,0.0
gfx950,256,2176,2304,1536,torch.float8_e4m3fn,flydsl,477,0,14.6189,flydsl_bpreshuflle_112x192x256_F8_F8_B16_1x1x4x2_default,1053.53,1156.6,0.0
gfx950,256,2176,3072,512,torch.float8_e4m3fn,flydsl,603,0,9.9932,flydsl_bpreshuflle_128x128x128_F8_F8_B16_0x2x4x2_default,684.98,1606.72,0.0
gfx950,256,2176,3584,7168,torch.float8_e4m3fn,flydsl,1000008,0,60.3233,flydsl_bpreshuffle_8w_128x256x128_F8_F8_B16_3x8,1853.4,943.01,0.0
gfx950,256,2176,6400,7168,torch.float8_e4m3fn,flydsl,1000026,0,86.3638,flydsl_bpreshuffle_8w_256x256x128_F8_F8_B16_1x8,2311.72,1034.29,0.0
gfx950,256,2176,7168,768,torch.float8_e4m3fn,flydsl,1763,0,20.0054,flydsl_bpreshuflle_128x256x128_F8_F8_B16_0x2x4x1_default,1197.57,1918.05,0.0
gfx950,256,2176,7168,1024,torch.float8_e4m3fn,flydsl,1763,0,22.619,flydsl_bpreshuflle_128x256x128_F8_F8_B16_0x2x4x1_default,1412.26,1802.17,0.0
gfx950,256,2176,7168,1536,torch.float8_e4m3fn,flydsl,1000033,0,28.8913,flydsl_bpreshuffle_8w_256x256x128_F8_F8_B16_4x0,1658.48,1576.51,0.0
gfx950,256,2176,7168,1792,torch.float8_e4m3fn,flydsl,1000027,0,31.2216,flydsl_bpreshuffle_8w_256x256x128_F8_F8_B16_2x0,1790.48,1535.46,0.0
gfx950,256,2176,7168,4224,torch.float8_e4m3fn,flydsl,1000026,0,59.1192,flydsl_bpreshuffle_8w_256x256x128_F8_F8_B16_1x8,2228.86,1195.28,0.0
gfx950,256,2176,8448,7168,torch.float8_e4m3fn,flydsl,483,0,127.1191,flydsl_bpreshuflle_128x192x128_F8_F8_B16_1x1x4x2_default,2073.15,888.29,0.0
gfx950,256,2240,576,7168,torch.float8_e4m3fn,flydsl,645,0,22.4135,flydsl_bpreshuflle_80x64x256_F8_F8_B16_1x2x0x2_default,825.26,1015.71,0.0
gfx950,256,2240,1536,128,torch.float8_e4m3fn,flydsl,751,0,5.0278,flydsl_bpreshuflle_32x256x128_F8_F8_B16_0x3x0x2_default,175.19,1464.78,0.0
gfx950,256,2240,1536,1536,torch.float8_e4m3fn,flydsl,1098,0,11.0529,flydsl_bpreshuflle_112x128x256_F8_F8_B16_1x4x0x2_default,956.28,1147.32,0.0
gfx950,256,2240,1536,7168,torch.float8_e4m3fn,flydsl,718,0,34.2589,flydsl_bpreshuflle_112x128x256_F8_F8_B16_1x2x4x2_default,1439.77,990.91,0.0
gfx950,256,2240,2048,512,torch.float8_e4m3fn,flydsl,766,0,7.8884,flydsl_bpreshuflle_80x128x256_F8_F8_B16_0x3x0x2_default,595.51,1441.42,0.0
gfx950,256,2240,2176,7168,torch.float8_e4m3fn,flydsl,229,0,45.5839,flydsl_bpreshuflle_112x192x256_F8_F8_B16_1x0x4x2_default,1532.93,908.27,0.0
gfx950,256,2240,2304,1536,torch.float8_e4m3fn,flydsl,646,0,14.1703,flydsl_bpreshuflle_80x128x256_F8_F8_B16_1x2x0x2_default,1118.85,1220.97,0.0
gfx950,256,2240,3072,512,torch.float8_e4m3fn,flydsl,946,0,9.9649,flydsl_bpreshuflle_112x128x256_F8_F8_B16_1x3x4x2_default,707.13,1654.04,0.0
gfx950,256,2240,3584,7168,torch.float8_e4m3fn,flydsl,1000007,0,61.2028,flydsl_bpreshuffle_8w_128x256x128_F8_F8_B16_3x4,1880.5,944.45,0.0
gfx950,256,2240,6400,7168,torch.float8_e4m3fn,flydsl,1000026,0,87.7891,flydsl_bpreshuffle_8w_256x256x128_F8_F8_B16_1x8,2341.08,1032.06,0.0
gfx950,256,2240,7168,768,torch.float8_e4m3fn,flydsl,1000033,0,20.7273,flydsl_bpreshuffle_8w_256x256x128_F8_F8_B16_4x0,1189.86,1897.88,0.0
gfx950,256,2240,7168,1024,torch.float8_e4m3fn,flydsl,1000024,0,23.0914,flydsl_bpreshuffle_8w_256x256x128_F8_F8_B16_1x0,1424.05,1807.88,0.0
gfx950,256,2240,7168,1536,torch.float8_e4m3fn,flydsl,1000033,0,28.7883,flydsl_bpreshuffle_8w_256x256x128_F8_F8_B16_4x0,1713.37,1617.44,0.0
gfx950,256,2240,7168,1792,torch.float8_e4m3fn,flydsl,1000027,0,31.3464,flydsl_bpreshuffle_8w_256x256x128_F8_F8_B16_2x0,1835.8,1562.28,0.0
gfx950,256,2240,7168,4224,torch.float8_e4m3fn,flydsl,1000028,0,60.3324,flydsl_bpreshuffle_8w_256x256x128_F8_F8_B16_2x4,2248.27,1190.94,0.0
gfx950,256,2240,8448,7168,torch.float8_e4m3fn,ck,156,0,128.0471,a8w8_bpreshuffle_256x160x256x128_16x16_16x16_8x32x1_8x32x1_1x16x1x16_8x8x1_1x2_intrawave_v3,2118.65,893.88,0.0
gfx950,256,2304,576,7168,torch.float8_e4m3fn,flydsl,141,0,23.2646,flydsl_bpreshuflle_48x64x256_F8_F8_B16_1x0x0x2_default,817.78,1001.44,0.0
gfx950,256,2304,1536,128,torch.float8_e4m3fn,flydsl,983,0,5.0338,flydsl_bpreshuflle_64x128x128_F8_F8_B16_0x4x0x2_default,179.98,1503.72,0.0
gfx950,256,2304,1536,1536,torch.float8_e4m3fn,flydsl,228,0,11.6567,flydsl_bpreshuflle_112x128x256_F8_F8_B16_1x0x4x2_default,932.65,1113.19,0.0
gfx950,256,2304,1536,7168,torch.float8_e4m3fn,flydsl,718,0,36.7781,flydsl_bpreshuflle_112x128x256_F8_F8_B16_1x2x4x2_default,1379.47,940.86,0.0
gfx950,256,2304,2048,512,torch.float8_e4m3fn,flydsl,2134,0,8.2446,flydsl_bpreshuflle_48x128x256_F8_F8_B16_0x4x0x1_default,586.06,1414.91,0.0
gfx950,256,2304,2176,7168,torch.float8_e4m3fn,flydsl,408,0,47.4007,flydsl_bpreshuflle_96x128x256_F8_F8_B16_1x1x0x2_default,1516.3,889.01,0.0
gfx950,256,2304,2304,1536,torch.float8_e4m3fn,flydsl,1094,0,14.4779,flydsl_bpreshuflle_96x128x256_F8_F8_B16_1x4x0x2_default,1126.37,1222.19,0.0
gfx950,256,2304,3072,512,torch.float8_e4m3fn,flydsl,723,0,10.1324,flydsl_bpreshuflle_128x128x128_F8_F8_B16_1x2x4x2_default,715.31,1668.73,0.0
gfx950,256,2304,3584,7168,torch.float8_e4m3fn,flydsl,1000011,0,61.4628,flydsl_bpreshuffle_8w_128x256x128_F8_F8_B16_4x8,1926.04,955.38,0.0
gfx950,256,2304,6400,7168,torch.float8_e4m3fn,flydsl,1000034,0,87.0431,flydsl_bpreshuffle_8w_256x256x128_F8_F8_B16_4x4,2428.6,1055.59,0.0
gfx950,256,2304,7168,768,torch.float8_e4m3fn,flydsl,1207,0,20.6241,flydsl_bpreshuflle_128x256x128_F8_F8_B16_0x0x0x1_default,1229.98,1954.25,0.0
gfx950,256,2304,7168,1024,torch.float8_e4m3fn,flydsl,1763,0,22.927,flydsl_bpreshuflle_128x256x128_F8_F8_B16_0x2x4x1_default,1475.24,1863.72,0.0
gfx950,256,2304,7168,1536,torch.float8_e4m3fn,flydsl,1000030,0,29.4221,flydsl_bpreshuffle_8w_256x256x128_F8_F8_B16_3x0,1724.36,1617.12,0.0
gfx950,256,2304,7168,1792,torch.float8_e4m3fn,flydsl,1000028,0,31.9399,flydsl_bpreshuffle_8w_256x256x128_F8_F8_B16_2x4,1853.17,1565.56,0.0
gfx950,256,2304,7168,4224,torch.float8_e4m3fn,flydsl,1000024,0,59.8444,flydsl_bpreshuffle_8w_256x256x128_F8_F8_B16_1x0,2331.37,1220.5,0.0
gfx950,256,2304,8448,7168,torch.float8_e4m3fn,ck,158,0,132.1143,a8w8_bpreshuffle_256x192x256x128_16x16_16x16_8x32x1_8x32x1_1x16x1x16_8x8x1_1x2_intrawave_v3,2112.1,878.02,0.0
gfx950,256,2368,576,7168,torch.float8_e4m3fn,flydsl,456,0,23.7192,flydsl_bpreshuflle_64x64x256_F8_F8_B16_1x1x4x2_default,824.39,1004.69,0.0
gfx950,256,2368,1536,128,torch.float8_e4m3fn,flydsl,631,0,5.197,flydsl_bpreshuflle_32x256x128_F8_F8_B16_1x2x0x2_default,179.17,1495.9,0.0
gfx950,256,2368,1536,1536,torch.float8_e4m3fn,flydsl,210,0,12.1781,flydsl_bpreshuflle_64x128x256_F8_F8_B16_1x0x4x2_default,917.52,1089.75,0.0
gfx950,256,2368,1536,7168,torch.float8_e4m3fn,flydsl,724,0,39.3114,flydsl_bpreshuflle_128x128x256_F8_F8_B16_1x2x4x2_default,1326.42,896.9,0.0
gfx950,256,2368,2048,512,torch.float8_e4m3fn,flydsl,1915,0,9.0881,flydsl_bpreshuflle_64x128x128_F8_F8_B16_0x3x0x1_default,546.44,1316.04,0.0
gfx950,256,2368,2176,7168,torch.float8_e4m3fn,flydsl,235,0,50.7649,flydsl_bpreshuflle_128x192x128_F8_F8_B16_1x0x4x2_default,1455.14,844.62,0.0
gfx950,256,2368,2304,1536,torch.float8_e4m3fn,flydsl,212,0,15.3918,flydsl_bpreshuflle_64x192x256_F8_F8_B16_1x0x4x2_default,1088.92,1175.17,0.0
gfx950,256,2368,3072,512,torch.float8_e4m3fn,flydsl,723,0,10.5895,flydsl_bpreshuflle_128x128x128_F8_F8_B16_1x2x4x2_default,703.44,1636.93,0.0
gfx950,256,2368,3584,7168,torch.float8_e4m3fn,flydsl,1385,0,71.2982,flydsl_bpreshuflle_112x192x256_F8_F8_B16_1x0x4x1_default,1706.47,836.46,0.0
gfx950,256,2368,6400,7168,torch.float8_e4m3fn,flydsl,1000029,0,88.7738,flydsl_bpreshuffle_8w_256x256x128_F8_F8_B16_2x8,2447.4,1049.4,0.0
gfx950,256,2368,7168,768,torch.float8_e4m3fn,flydsl,730,0,21.9174,flydsl_bpreshuflle_192x128x128_F8_F8_B16_1x2x4x2_default,1189.55,1883.04,0.0
gfx950,256,2368,7168,1024,torch.float8_e4m3fn,flydsl,240,0,25.35,flydsl_bpreshuflle_192x128x128_F8_F8_B16_1x0x4x2_default,1371.3,1724.36,0.0
gfx950,256,2368,7168,1536,torch.float8_e4m3fn,flydsl,240,0,34.3693,flydsl_bpreshuflle_192x128x128_F8_F8_B16_1x0x4x2_default,1517.16,1413.91,0.0
gfx950,256,2368,7168,1792,torch.float8_e4m3fn,flydsl,488,0,40.5922,flydsl_bpreshuflle_192x128x128_F8_F8_B16_1x1x4x2_default,1498.67,1257.29,0.0
gfx950,256,2368,7168,4224,torch.float8_e4m3fn,flydsl,240,0,84.0443,flydsl_bpreshuflle_192x128x128_F8_F8_B16_1x0x4x2_default,1706.18,883.2,0.0
gfx950,256,2368,8448,7168,torch.float8_e4m3fn,flydsl,1385,0,140.5519,flydsl_bpreshuflle_112x192x256_F8_F8_B16_1x0x4x1_default,2040.45,836.27,0.0
gfx950,256,2432,576,7168,torch.float8_e4m3fn,flydsl,1906,0,24.2061,flydsl_bpreshuflle_32x192x256_F8_F8_B16_0x3x0x1_default,829.64,1006.48,0.0
gfx950,256,2432,1536,128,torch.float8_e4m3fn,flydsl,387,0,5.0962,flydsl_bpreshuflle_32x256x128_F8_F8_B16_1x1x0x2_default,187.65,1565.68,0.0
gfx950,256,2432,1536,1536,torch.float8_e4m3fn,flydsl,1242,0,12.2537,flydsl_bpreshuflle_64x128x256_F8_F8_B16_0x0x4x1_default,936.5,1107.09,0.0
gfx950,256,2432,1536,7168,torch.float8_e4m3fn,flydsl,1972,0,38.7686,flydsl_bpreshuflle_64x128x256_F8_F8_B16_0x3x4x1_default,1381.35,926.36,0.0
gfx950,256,2432,2048,512,torch.float8_e4m3fn,flydsl,1915,0,9.0706,flydsl_bpreshuflle_64x128x128_F8_F8_B16_0x3x0x1_default,562.29,1351.09,0.0
gfx950,256,2432,2176,7168,torch.float8_e4m3fn,flydsl,421,0,51.4302,flydsl_bpreshuflle_128x192x128_F8_F8_B16_1x1x0x2_default,1475.14,848.03,0.0
gfx950,256,2432,2304,1536,torch.float8_e4m3fn,flydsl,702,0,15.6354,flydsl_bpreshuflle_64x192x256_F8_F8_B16_1x2x4x2_default,1100.93,1182.01,0.0
gfx950,256,2432,3072,512,torch.float8_e4m3fn,flydsl,723,0,10.4613,flydsl_bpreshuflle_128x128x128_F8_F8_B16_1x2x4x2_default,731.31,1697.71,0.0
gfx950,256,2432,3584,7168,torch.float8_e4m3fn,flydsl,1633,0,72.1276,flydsl_bpreshuflle_112x192x256_F8_F8_B16_1x1x4x1_default,1732.44,839.56,0.0
gfx950,256,2432,6400,7168,torch.float8_e4m3fn,flydsl,1000028,0,90.5151,flydsl_bpreshuffle_8w_256x256x128_F8_F8_B16_2x4,2465.19,1043.33,0.0
gfx950,256,2432,7168,768,torch.float8_e4m3fn,flydsl,233,0,22.4949,flydsl_bpreshuflle_128x128x128_F8_F8_B16_1x0x4x2_default,1190.33,1877.67,0.0
gfx950,256,2432,7168,1024,torch.float8_e4m3fn,flydsl,730,0,26.1611,flydsl_bpreshuflle_192x128x128_F8_F8_B16_1x2x4x2_default,1364.69,1708.47,0.0
gfx950,256,2432,7168,1536,torch.float8_e4m3fn,flydsl,240,0,34.8525,flydsl_bpreshuflle_192x128x128_F8_F8_B16_1x0x4x2_default,1536.56,1423.45,0.0
gfx950,256,2432,7168,1792,torch.float8_e4m3fn,flydsl,488,0,40.4746,flydsl_bpreshuflle_192x128x128_F8_F8_B16_1x1x4x2_default,1543.64,1286.45,0.0
gfx950,256,2432,7168,4224,torch.float8_e4m3fn,flydsl,488,0,85.1543,flydsl_bpreshuflle_192x128x128_F8_F8_B16_1x1x4x2_default,1729.45,885.63,0.0
gfx950,256,2432,8448,7168,torch.float8_e4m3fn,flydsl,486,0,137.1207,flydsl_bpreshuflle_160x192x128_F8_F8_B16_1x1x4x2_default,2148.04,868.42,0.0
gfx950,256,2496,576,7168,torch.float8_e4m3fn,cktile,50,0,24.6911,a8w8_bpreshuffle_cktile_0x0x8x4x1x0x0x0x0x2_64x64x256_1x4x1_16x16x128_default,834.75,1008.28,0.0
gfx950,256,2496,1536,128,torch.float8_e4m3fn,flydsl,139,0,5.2881,flydsl_bpreshuflle_32x256x128_F8_F8_B16_1x0x0x2_default,185.6,1547.59,0.0
gfx950,256,2496,1536,1536,torch.float8_e4m3fn,flydsl,420,0,12.1526,flydsl_bpreshuflle_128x128x256_F8_F8_B16_1x1x0x2_default,969.14,1140.57,0.0
gfx950,256,2496,1536,7168,torch.float8_e4m3fn,flydsl,420,0,38.4634,flydsl_bpreshuflle_128x128x256_F8_F8_B16_1x1x0x2_default,1428.95,950.75,0.0
gfx950,256,2496,2048,512,torch.float8_e4m3fn,flydsl,1094,0,8.5895,flydsl_bpreshuflle_96x128x256_F8_F8_B16_1x4x0x2_default,609.41,1461.1,0.0
gfx950,256,2496,2176,7168,torch.float8_e4m3fn,ck,86,0,48.8131,a8w8_bpreshuffle_256x96x128x128_16x16_16x16_8x32x1_8x32x1_1x32x1x8_8x8x1_2x1_intrawave_v3,1595.13,908.6,0.0
gfx950,256,2496,2304,1536,torch.float8_e4m3fn,flydsl,408,0,15.1026,flydsl_bpreshuflle_96x128x256_F8_F8_B16_1x1x0x2_default,1169.76,1249.74,0.0
gfx950,256,2496,3072,512,torch.float8_e4m3fn,flydsl,470,0,10.8852,flydsl_bpreshuflle_96x128x256_F8_F8_B16_1x1x4x2_default,721.32,1670.73,0.0
gfx950,256,2496,3584,7168,torch.float8_e4m3fn,ck,158,0,69.5638,a8w8_bpreshuffle_256x192x256x128_16x16_16x16_8x32x1_8x32x1_1x16x1x16_8x8x1_1x2_intrawave_v3,1843.56,883.69,0.0
gfx950,256,2496,6400,7168,torch.float8_e4m3fn,flydsl,1000025,0,93.4599,flydsl_bpreshuffle_8w_256x256x128_F8_F8_B16_1x4,2450.34,1024.13,0.0
gfx950,256,2496,7168,768,torch.float8_e4m3fn,flydsl,225,0,22.1296,flydsl_bpreshuflle_96x256x128_F8_F8_B16_1x0x4x2_default,1241.82,1952.34,0.0
gfx950,256,2496,7168,1024,torch.float8_e4m3fn,flydsl,730,0,25.8453,flydsl_bpreshuflle_192x128x128_F8_F8_B16_1x2x4x2_default,1417.72,1767.38,0.0
gfx950,256,2496,7168,1536,torch.float8_e4m3fn,flydsl,225,0,34.67,flydsl_bpreshuflle_96x256x128_F8_F8_B16_1x0x4x2_default,1585.29,1460.24,0.0
gfx950,256,2496,7168,1792,torch.float8_e4m3fn,flydsl,225,0,40.4018,flydsl_bpreshuflle_96x256x128_F8_F8_B16_1x0x4x2_default,1587.12,1314.31,0.0
gfx950,256,2496,7168,4224,torch.float8_e4m3fn,flydsl,730,0,78.0073,flydsl_bpreshuflle_192x128x128_F8_F8_B16_1x2x4x2_default,1937.59,982.0,0.0
gfx950,256,2496,8448,7168,torch.float8_e4m3fn,ck,158,0,140.8527,a8w8_bpreshuffle_256x192x256x128_16x16_16x16_8x32x1_8x32x1_1x16x1x16_8x8x1_1x2_intrawave_v3,2146.16,856.35,0.0
gfx950,256,2560,576,7168,torch.float8_e4m3fn,flydsl,1666,0,24.2563,flydsl_bpreshuflle_32x192x256_F8_F8_B16_0x2x0x1_default,871.5,1048.3,0.0
gfx950,256,2560,1536,128,torch.float8_e4m3fn,flydsl,295,0,5.668,flydsl_bpreshuflle_128x128x128_F8_F8_B16_0x1x0x2_default,177.6,1479.99,0.0
gfx950,256,2560,1536,1536,torch.float8_e4m3fn,flydsl,217,0,12.1481,flydsl_bpreshuflle_80x192x256_F8_F8_B16_1x0x4x2_default,994.36,1165.27,0.0
gfx950,256,2560,1536,7168,torch.float8_e4m3fn,flydsl,217,0,37.2046,flydsl_bpreshuflle_80x192x256_F8_F8_B16_1x0x4x2_default,1515.17,1000.53,0.0
gfx950,256,2560,2048,512,torch.float8_e4m3fn,flydsl,402,0,8.3754,flydsl_bpreshuflle_80x128x256_F8_F8_B16_1x1x0x2_default,641.01,1533.66,0.0
gfx950,256,2560,2176,7168,torch.float8_e4m3fn,flydsl,235,0,49.7355,flydsl_bpreshuflle_128x192x128_F8_F8_B16_1x0x4x2_default,1605.69,906.57,0.0
gfx950,256,2560,2304,1536,torch.float8_e4m3fn,flydsl,235,0,15.5335,flydsl_bpreshuflle_128x192x128_F8_F8_B16_1x0x4x2_default,1166.47,1240.39,0.0
gfx950,256,2560,3072,512,torch.float8_e4m3fn,flydsl,723,0,10.6775,flydsl_bpreshuflle_128x128x128_F8_F8_B16_1x2x4x2_default,754.21,1743.13,0.0
gfx950,256,2560,3584,7168,torch.float8_e4m3fn,ck,156,0,66.7229,a8w8_bpreshuffle_256x160x256x128_16x16_16x16_8x32x1_8x32x1_1x16x1x16_8x8x1_1x2_intrawave_v3,1971.34,935.07,0.0
gfx950,256,2560,6400,7168,torch.float8_e4m3fn,flydsl,1000029,0,93.3495,flydsl_bpreshuffle_8w_256x256x128_F8_F8_B16_2x8,2516.15,1039.03,0.0
gfx950,256,2560,7168,768,torch.float8_e4m3fn,flydsl,723,0,22.9132,flydsl_bpreshuflle_128x128x128_F8_F8_B16_1x2x4x2_default,1230.11,1927.76,0.0
gfx950,256,2560,7168,1024,torch.float8_e4m3fn,flydsl,723,0,28.4629,flydsl_bpreshuflle_128x128x128_F8_F8_B16_1x2x4x2_default,1320.35,1639.38,0.0
gfx950,256,2560,7168,1536,torch.float8_e4m3fn,flydsl,1515,0,36.0896,flydsl_bpreshuflle_128x192x128_F8_F8_B16_0x1x4x1_default,1561.99,1430.95,0.0
gfx950,256,2560,7168,1792,torch.float8_e4m3fn,flydsl,233,0,42.7606,flydsl_bpreshuflle_128x128x128_F8_F8_B16_1x0x4x2_default,1538.02,1265.95,0.0
gfx950,256,2560,7168,4224,torch.float8_e4m3fn,flydsl,725,0,84.773,flydsl_bpreshuflle_128x192x128_F8_F8_B16_1x2x4x2_default,1828.67,917.64,0.0
gfx950,256,2560,8448,7168,torch.float8_e4m3fn,flydsl,728,0,138.4344,flydsl_bpreshuflle_160x192x128_F8_F8_B16_1x2x4x2_default,2239.64,882.43,0.0
gfx950,256,2624,576,7168,torch.float8_e4m3fn,flydsl,456,0,23.9545,flydsl_bpreshuflle_64x64x256_F8_F8_B16_1x1x4x2_default,904.54,1083.74,0.0
gfx950,256,2624,1536,128,torch.float8_e4m3fn,flydsl,1543,0,5.7986,flydsl_bpreshuflle_32x256x128_F8_F8_B16_1x1x0x1_default,177.94,1481.98,0.0
gfx950,256,2624,1536,1536,torch.float8_e4m3fn,flydsl,458,0,12.6379,flydsl_bpreshuflle_64x128x256_F8_F8_B16_1x1x4x2_default,979.72,1143.44,0.0
gfx950,256,2624,1536,7168,torch.float8_e4m3fn,flydsl,234,0,41.1518,flydsl_bpreshuflle_128x128x256_F8_F8_B16_1x0x4x2_default,1404.09,920.49,0.0
gfx950,256,2624,2048,512,torch.float8_e4m3fn,flydsl,272,0,9.5319,flydsl_bpreshuflle_64x128x256_F8_F8_B16_0x1x0x2_default,577.32,1378.53,0.0
gfx950,256,2624,2176,7168,torch.float8_e4m3fn,flydsl,725,0,51.9856,flydsl_bpreshuflle_128x192x128_F8_F8_B16_1x2x4x2_default,1574.59,881.51,0.0
gfx950,256,2624,2304,1536,torch.float8_e4m3fn,flydsl,166,0,15.638,flydsl_bpreshuflle_112x128x256_F8_F8_B16_1x0x0x2_default,1187.64,1257.25,0.0
gfx950,256,2624,3072,512,torch.float8_e4m3fn,flydsl,603,0,11.0396,flydsl_bpreshuflle_128x128x128_F8_F8_B16_0x2x4x2_default,747.71,1724.54,0.0
gfx950,256,2624,3584,7168,torch.float8_e4m3fn,flydsl,1385,0,71.9144,flydsl_bpreshuflle_112x192x256_F8_F8_B16_1x0x4x1_default,1874.75,880.32,0.0
gfx950,256,2624,6400,7168,torch.float8_e4m3fn,flydsl,178,0,123.9454,flydsl_bpreshuflle_192x128x128_F8_F8_B16_1x0x0x2_default,1942.41,792.86,0.0
gfx950,256,2624,7168,768,torch.float8_e4m3fn,flydsl,718,0,24.556,flydsl_bpreshuflle_112x128x256_F8_F8_B16_1x2x4x2_default,1176.51,1838.16,0.0
gfx950,256,2624,7168,1024,torch.float8_e4m3fn,flydsl,242,0,28.3713,flydsl_bpreshuflle_224x128x128_F8_F8_B16_1x0x4x2_default,1357.73,1679.33,0.0
gfx950,256,2624,7168,1536,torch.float8_e4m3fn,flydsl,490,0,39.5009,flydsl_bpreshuflle_224x128x128_F8_F8_B16_1x1x4x2_default,1462.77,1333.09,0.0
gfx950,256,2624,7168,1792,torch.float8_e4m3fn,flydsl,732,0,45.5439,flydsl_bpreshuflle_224x128x128_F8_F8_B16_1x2x4x2_default,1480.13,1211.25,0.0
gfx950,256,2624,7168,4224,torch.float8_e4m3fn,flydsl,1000031,0,90.4516,flydsl_bpreshuffle_8w_256x256x128_F8_F8_B16_3x4,1756.71,873.16,0.0
gfx950,256,2624,8448,7168,torch.float8_e4m3fn,flydsl,1000025,0,145.1053,flydsl_bpreshuffle_8w_256x256x128_F8_F8_B16_1x4,2190.09,852.48,0.0
gfx950,256,2688,576,7168,torch.float8_e4m3fn,flydsl,882,0,23.7098,flydsl_bpreshuflle_96x64x256_F8_F8_B16_1x3x0x2_default,936.16,1117.38,0.0
gfx950,256,2688,1536,128,torch.float8_e4m3fn,flydsl,983,0,5.3677,flydsl_bpreshuflle_64x128x128_F8_F8_B16_0x4x0x2_default,196.91,1639.1,0.0
gfx950,256,2688,1536,1536,torch.float8_e4m3fn,flydsl,1736,0,12.7527,flydsl_bpreshuflle_64x128x256_F8_F8_B16_0x2x4x1_default,994.58,1156.27,0.0
gfx950,256,2688,1536,7168,torch.float8_e4m3fn,ck,63,0,40.4566,a8w8_bpreshuffle_256x128x128x256_16x16_16x16_16x16x1_16x16x1_1x32x1x8_8x8x1_2x1_intrawave_v3,1463.05,952.51,0.0
gfx950,256,2688,2048,512,torch.float8_e4m3fn,flydsl,160,0,8.5924,flydsl_bpreshuflle_96x128x256_F8_F8_B16_1x0x0x2_default,656.06,1563.58,0.0
gfx950,256,2688,2176,7168,torch.float8_e4m3fn,flydsl,652,0,51.5379,flydsl_bpreshuflle_96x128x256_F8_F8_B16_1x2x0x2_default,1627.01,903.48,0.0
gfx950,256,2688,2304,1536,torch.float8_e4m3fn,flydsl,1094,0,15.4348,flydsl_bpreshuflle_96x128x256_F8_F8_B16_1x4x0x2_default,1232.63,1299.27,0.0
gfx950,256,2688,3072,512,torch.float8_e4m3fn,flydsl,603,0,10.8403,flydsl_bpreshuflle_128x128x128_F8_F8_B16_0x2x4x2_default,780.03,1795.54,0.0
gfx950,256,2688,3584,7168,torch.float8_e4m3fn,flydsl,1385,0,74.1857,flydsl_bpreshuflle_112x192x256_F8_F8_B16_1x0x4x1_default,1861.68,865.74,0.0
gfx950,256,2688,6400,7168,torch.float8_e4m3fn,ck,143,0,122.4047,a8w8_bpreshuffle_256x192x128x128_16x16_16x16_8x32x1_8x32x1_1x16x1x16_8x8x1_1x2_intrawave_v3,2014.83,813.28,0.0
gfx950,256,2688,7168,768,torch.float8_e4m3fn,flydsl,718,0,24.3622,flydsl_bpreshuflle_112x128x256_F8_F8_B16_1x2x4x2_default,1214.79,1892.46,0.0
gfx950,256,2688,7168,1024,torch.float8_e4m3fn,flydsl,242,0,29.3065,flydsl_bpreshuflle_224x128x128_F8_F8_B16_1x0x4x2_default,1346.46,1659.28,0.0
gfx950,256,2688,7168,1536,torch.float8_e4m3fn,flydsl,490,0,37.469,flydsl_bpreshuflle_224x128x128_F8_F8_B16_1x1x4x2_default,1579.71,1432.49,0.0
gfx950,256,2688,7168,1792,torch.float8_e4m3fn,flydsl,732,0,44.6866,flydsl_bpreshuflle_224x128x128_F8_F8_B16_1x2x4x2_default,1545.32,1257.58,0.0
gfx950,256,2688,7168,4224,torch.float8_e4m3fn,flydsl,958,0,87.8411,flydsl_bpreshuflle_224x128x128_F8_F8_B16_1x3x4x2_default,1853.03,912.64,0.0
gfx950,256,2688,8448,7168,torch.float8_e4m3fn,ck,158,0,145.9085,a8w8_bpreshuffle_256x192x256x128_16x16_16x16_8x32x1_8x32x1_1x16x1x16_8x8x1_1x2_intrawave_v3,2231.16,858.34,0.0
gfx950,256,2752,576,7168,torch.float8_e4m3fn,cktile,22,0,25.8288,a8w8_bpreshuffle_cktile_0x0x8x4x1x0x0x0x0x1_64x64x256_1x4x1_16x16x128_default,879.82,1046.33,0.0
gfx950,256,2752,1536,128,torch.float8_e4m3fn,flydsl,395,0,5.5768,flydsl_bpreshuflle_64x128x128_F8_F8_B16_1x1x0x2_default,194.04,1614.37,0.0
gfx950,256,2752,1536,1536,torch.float8_e4m3fn,flydsl,229,0,14.2995,flydsl_bpreshuflle_112x192x256_F8_F8_B16_1x0x4x2_default,908.11,1051.82,0.0
gfx950,256,2752,1536,7168,torch.float8_e4m3fn,flydsl,229,0,44.7822,flydsl_bpreshuflle_112x192x256_F8_F8_B16_1x0x4x2_default,1353.2,875.14,0.0
gfx950,256,2752,2048,512,torch.float8_e4m3fn,flydsl,210,0,9.2985,flydsl_bpreshuflle_64x128x256_F8_F8_B16_1x0x4x2_default,620.68,1476.56,0.0
gfx950,256,2752,2176,7168,torch.float8_e4m3fn,flydsl,1000008,0,54.5504,flydsl_bpreshuffle_8w_128x256x128_F8_F8_B16_3x8,1573.76,867.1,0.0
gfx950,256,2752,2304,1536,torch.float8_e4m3fn,flydsl,172,0,16.2804,flydsl_bpreshuflle_128x128x256_F8_F8_B16_1x0x0x2_default,1196.43,1255.94,0.0
gfx950,256,2752,3072,512,torch.float8_e4m3fn,flydsl,2086,0,11.6601,flydsl_bpreshuflle_64x192x256_F8_F8_B16_1x3x4x1_default,742.45,1705.83,0.0
gfx950,256,2752,3584,7168,torch.float8_e4m3fn,flydsl,1000031,0,76.62,flydsl_bpreshuffle_8w_256x256x128_F8_F8_B16_3x4,1845.45,850.21,0.0
gfx950,256,2752,6400,7168,torch.float8_e4m3fn,flydsl,483,0,125.8078,flydsl_bpreshuflle_128x192x128_F8_F8_B16_1x1x4x2_default,2007.01,801.44,0.0
gfx950,256,2752,7168,768,torch.float8_e4m3fn,flydsl,490,0,24.9617,flydsl_bpreshuflle_224x128x128_F8_F8_B16_1x1x4x2_default,1213.85,1885.74,0.0
gfx950,256,2752,7168,1024,torch.float8_e4m3fn,flydsl,242,0,29.6309,flydsl_bpreshuflle_224x128x128_F8_F8_B16_1x0x4x2_default,1363.43,1674.29,0.0
gfx950,256,2752,7168,1536,torch.float8_e4m3fn,flydsl,490,0,41.2326,flydsl_bpreshuflle_224x128x128_F8_F8_B16_1x1x4x2_default,1469.69,1326.37,0.0
gfx950,256,2752,7168,1792,torch.float8_e4m3fn,flydsl,233,0,46.5435,flydsl_bpreshuflle_128x128x128_F8_F8_B16_1x0x4x2_default,1518.99,1229.59,0.0
gfx950,256,2752,7168,4224,torch.float8_e4m3fn,flydsl,1000026,0,90.5787,flydsl_bpreshuffle_8w_256x256x128_F8_F8_B16_1x8,1839.82,898.17,0.0
gfx950,256,2752,8448,7168,torch.float8_e4m3fn,flydsl,1000029,0,147.224,flydsl_bpreshuffle_8w_256x256x128_F8_F8_B16_2x8,2263.87,861.13,0.0
gfx950,256,2816,576,7168,torch.float8_e4m3fn,flydsl,1426,0,26.1456,flydsl_bpreshuflle_64x64x256_F8_F8_B16_0x1x0x1_default,889.37,1054.02,0.0
gfx950,256,2816,1536,128,torch.float8_e4m3fn,flydsl,1179,0,5.623,flydsl_bpreshuflle_64x128x128_F8_F8_B16_0x0x0x1_default,196.92,1637.53,0.0
gfx950,256,2816,1536,1536,torch.float8_e4m3fn,flydsl,235,0,14.661,flydsl_bpreshuflle_128x192x128_F8_F8_B16_1x0x4x2_default,906.32,1046.0,0.0
gfx950,256,2816,1536,7168,torch.float8_e4m3fn,flydsl,477,0,44.738,flydsl_bpreshuflle_112x192x256_F8_F8_B16_1x1x4x2_default,1386.04,890.65,0.0
gfx950,256,2816,2048,512,torch.float8_e4m3fn,flydsl,24,0,9.5059,flydsl_bpreshuflle_64x128x256_F8_F8_B16_0x0x0x2_default,621.25,1475.37,0.0
gfx950,256,2816,2176,7168,torch.float8_e4m3fn,ck,70,0,55.2572,a8w8_bpreshuffle_256x128x128x128_16x16_16x16_8x32x1_8x32x1_1x32x1x8_8x8x1_2x1_intrawave_v3,1589.76,869.35,0.0
gfx950,256,2816,2304,1536,torch.float8_e4m3fn,flydsl,658,0,15.9105,flydsl_bpreshuflle_112x128x256_F8_F8_B16_1x2x0x2_default,1252.72,1309.86,0.0
gfx950,256,2816,3072,512,torch.float8_e4m3fn,flydsl,2086,0,11.6977,flydsl_bpreshuflle_64x192x256_F8_F8_B16_1x3x4x1_default,757.27,1736.77,0.0
gfx950,256,2816,3584,7168,torch.float8_e4m3fn,flydsl,1000035,0,75.94,flydsl_bpreshuffle_8w_256x256x128_F8_F8_B16_4x8,1905.28,869.9,0.0
gfx950,256,2816,6400,7168,torch.float8_e4m3fn,flydsl,483,0,126.6075,flydsl_bpreshuflle_128x192x128_F8_F8_B16_1x1x4x2_default,2040.71,806.47,0.0
gfx950,256,2816,7168,768,torch.float8_e4m3fn,flydsl,233,0,25.6312,flydsl_bpreshuflle_128x128x128_F8_F8_B16_1x0x4x2_default,1209.63,1874.2,0.0
gfx950,256,2816,7168,1024,torch.float8_e4m3fn,flydsl,481,0,29.9025,flydsl_bpreshuflle_128x128x128_F8_F8_B16_1x1x4x2_default,1382.46,1691.96,0.0
gfx950,256,2816,7168,1536,torch.float8_e4m3fn,flydsl,233,0,40.559,flydsl_bpreshuflle_128x128x128_F8_F8_B16_1x0x4x2_default,1528.85,1373.45,0.0
gfx950,256,2816,7168,1792,torch.float8_e4m3fn,flydsl,727,0,45.875,flydsl_bpreshuflle_128x256x128_F8_F8_B16_1x2x4x2_default,1576.97,1270.01,0.0
gfx950,256,2816,7168,4224,torch.float8_e4m3fn,flydsl,607,0,91.6455,flydsl_bpreshuflle_128x256x128_F8_F8_B16_0x2x4x2_default,1860.69,900.67,0.0
gfx950,256,2816,8448,7168,torch.float8_e4m3fn,flydsl,1000026,0,147.9029,flydsl_bpreshuffle_8w_256x256x128_F8_F8_B16_1x8,2305.89,867.59,0.0
gfx950,256,2880,576,7168,torch.float8_e4m3fn,flydsl,1129,0,25.4138,flydsl_bpreshuflle_64x64x256_F8_F8_B16_1x4x4x2_default,935.78,1105.32,0.0
gfx950,256,2880,1536,128,torch.float8_e4m3fn,flydsl,2149,0,6.1242,flydsl_bpreshuflle_96x64x128_F8_F8_B16_0x4x0x1_default,184.92,1536.95,0.0
gfx950,256,2880,1536,1536,torch.float8_e4m3fn,flydsl,472,0,13.2458,flydsl_bpreshuflle_96x192x256_F8_F8_B16_1x1x4x2_default,1025.95,1180.02,0.0
gfx950,256,2880,1536,7168,torch.float8_e4m3fn,flydsl,472,0,42.0278,flydsl_bpreshuflle_96x192x256_F8_F8_B16_1x1x4x2_default,1508.95,963.68,0.0
gfx950,256,2880,2048,512,torch.float8_e4m3fn,flydsl,1143,0,9.0161,flydsl_bpreshuflle_96x128x256_F8_F8_B16_1x4x4x2_default,669.89,1588.23,0.0
gfx950,256,2880,2176,7168,torch.float8_e4m3fn,ck,143,0,52.8551,a8w8_bpreshuffle_256x192x128x128_16x16_16x16_8x32x1_8x32x1_1x16x1x16_8x8x1_1x2_intrawave_v3,1699.78,922.81,0.0
gfx950,256,2880,2304,1536,torch.float8_e4m3fn,flydsl,166,0,15.5311,flydsl_bpreshuflle_112x128x256_F8_F8_B16_1x0x0x2_default,1312.48,1367.17,0.0
gfx950,256,2880,3072,512,torch.float8_e4m3fn,flydsl,470,0,11.3015,flydsl_bpreshuflle_96x128x256_F8_F8_B16_1x1x4x2_default,801.64,1835.34,0.0
gfx950,256,2880,3584,7168,torch.float8_e4m3fn,ck,54,0,71.3181,a8w8_bpreshuffle_256x160x256x128_16x16_16x16_8x32x1_8x32x1_1x32x1x8_8x8x1_2x1_intrawave_v3,2074.86,939.14,0.0
gfx950,256,2880,6400,7168,torch.float8_e4m3fn,ck,156,0,124.6316,a8w8_bpreshuffle_256x160x256x128_16x16_16x16_8x32x1_8x32x1_1x16x1x16_8x8x1_1x2_intrawave_v3,2120.18,829.51,0.0
gfx950,256,2880,7168,768,torch.float8_e4m3fn,flydsl,940,0,25.6942,flydsl_bpreshuflle_96x128x256_F8_F8_B16_1x3x4x2_default,1234.09,1907.22,0.0
gfx950,256,2880,7168,1024,torch.float8_e4m3fn,flydsl,715,0,31.4457,flydsl_bpreshuflle_96x256x128_F8_F8_B16_1x2x4x2_default,1344.49,1640.19,0.0
gfx950,256,2880,7168,1536,torch.float8_e4m3fn,flydsl,1257,0,42.4138,flydsl_bpreshuflle_96x256x128_F8_F8_B16_0x0x4x1_default,1495.22,1337.33,0.0
gfx950,256,2880,7168,1792,torch.float8_e4m3fn,flydsl,1864,0,46.6003,flydsl_bpreshuflle_80x256x256_F8_F8_B16_1x2x4x1_default,1587.7,1272.39,0.0
gfx950,256,2880,7168,4224,torch.float8_e4m3fn,ck,156,0,87.3191,a8w8_bpreshuffle_256x160x256x128_16x16_16x16_8x32x1_8x32x1_1x16x1x16_8x8x1_1x2_intrawave_v3,1997.26,958.9,0.0
gfx950,256,2880,8448,7168,torch.float8_e4m3fn,ck,158,0,146.1321,a8w8_bpreshuffle_256x192x256x128_16x16_16x16_8x32x1_8x32x1_1x16x1x16_8x8x1_1x2_intrawave_v3,2386.87,888.65,0.0
gfx950,256,2944,576,7168,torch.float8_e4m3fn,flydsl,1426,0,27.2896,flydsl_bpreshuflle_64x64x256_F8_F8_B16_0x1x0x1_default,890.82,1048.86,0.0
gfx950,256,2944,1536,128,torch.float8_e4m3fn,flydsl,261,0,5.7493,flydsl_bpreshuflle_32x192x128_F8_F8_B16_0x1x0x2_default,201.35,1672.8,0.0
gfx950,256,2944,1536,1536,torch.float8_e4m3fn,flydsl,235,0,14.7771,flydsl_bpreshuflle_128x192x128_F8_F8_B16_1x0x4x2_default,940.07,1077.7,0.0
gfx950,256,2944,1536,7168,torch.float8_e4m3fn,flydsl,477,0,45.4638,flydsl_bpreshuflle_112x192x256_F8_F8_B16_1x1x4x2_default,1425.91,905.26,0.0
gfx950,256,2944,2048,512,torch.float8_e4m3fn,flydsl,723,0,9.2456,flydsl_bpreshuflle_128x128x128_F8_F8_B16_1x2x4x2_default,667.78,1580.7,0.0
gfx950,256,2944,2176,7168,torch.float8_e4m3fn,ck,87,0,56.3856,a8w8_bpreshuffle_256x128x128x128_16x16_16x16_8x32x1_8x32x1_1x16x1x16_4x4x1_1x1_intrawave_v3,1628.76,878.1,0.0
gfx950,256,2944,2304,1536,torch.float8_e4m3fn,flydsl,1754,0,16.8469,flydsl_bpreshuflle_112x128x256_F8_F8_B16_0x2x4x1_default,1236.86,1283.73,0.0
gfx950,256,2944,3072,512,torch.float8_e4m3fn,flydsl,2086,0,11.8832,flydsl_bpreshuflle_64x192x256_F8_F8_B16_1x3x4x1_default,779.34,1781.35,0.0
gfx950,256,2944,3584,7168,torch.float8_e4m3fn,flydsl,1000029,0,77.7904,flydsl_bpreshuffle_8w_256x256x128_F8_F8_B16_2x8,1944.5,872.8,0.0
gfx950,256,2944,6400,7168,torch.float8_e4m3fn,flydsl,1000001,0,136.7779,flydsl_bpreshuffle_8w_128x256x128_F8_F8_B16_1x4,1974.83,765.19,0.0
gfx950,256,2944,7168,768,torch.float8_e4m3fn,flydsl,951,0,26.7221,flydsl_bpreshuflle_128x128x128_F8_F8_B16_1x3x4x2_default,1212.99,1870.03,0.0
gfx950,256,2944,7168,1024,torch.float8_e4m3fn,flydsl,233,0,32.7233,flydsl_bpreshuflle_128x128x128_F8_F8_B16_1x0x4x2_default,1320.71,1606.19,0.0
gfx950,256,2944,7168,1536,torch.float8_e4m3fn,flydsl,481,0,44.3566,flydsl_bpreshuflle_128x128x128_F8_F8_B16_1x1x4x2_default,1461.5,1301.66,0.0
gfx950,256,2944,7168,1792,torch.float8_e4m3fn,flydsl,730,0,47.9843,flydsl_bpreshuflle_192x128x128_F8_F8_B16_1x2x4x2_default,1576.18,1257.2,0.0
gfx950,256,2944,7168,4224,torch.float8_e4m3fn,flydsl,1000035,0,93.2035,flydsl_bpreshuffle_8w_256x256x128_F8_F8_B16_4x8,1912.75,911.11,0.0
gfx950,256,2944,8448,7168,torch.float8_e4m3fn,flydsl,1000034,0,152.1584,flydsl_bpreshuffle_8w_256x256x128_F8_F8_B16_4x4,2343.28,863.57,0.0
gfx950,256,3008,576,7168,torch.float8_e4m3fn,flydsl,1970,0,27.1115,flydsl_bpreshuflle_64x64x256_F8_F8_B16_0x3x4x1_default,916.17,1075.39,0.0
gfx950,256,3008,1536,128,torch.float8_e4m3fn,flydsl,629,0,5.9146,flydsl_bpreshuflle_32x192x128_F8_F8_B16_1x2x0x2_default,199.98,1660.67,0.0
gfx950,256,3008,1536,1536,torch.float8_e4m3fn,flydsl,229,0,14.6739,flydsl_bpreshuflle_112x192x256_F8_F8_B16_1x0x4x2_default,967.26,1105.37,0.0
gfx950,256,3008,1536,7168,torch.float8_e4m3fn,flydsl,477,0,46.3006,flydsl_bpreshuflle_112x192x256_F8_F8_B16_1x1x4x2_default,1430.57,903.05,0.0
gfx950,256,3008,2048,512,torch.float8_e4m3fn,flydsl,86,0,9.5706,flydsl_bpreshuflle_64x128x256_F8_F8_B16_0x0x4x2_default,659.13,1557.84,0.0
gfx950,256,3008,2176,7168,torch.float8_e4m3fn,flydsl,1000005,0,56.7292,flydsl_bpreshuffle_8w_128x256x128_F8_F8_B16_2x8,1654.09,885.78,0.0
gfx950,256,3008,2304,1536,torch.float8_e4m3fn,flydsl,234,0,16.8017,flydsl_bpreshuflle_128x128x256_F8_F8_B16_1x0x4x2_default,1267.15,1310.59,0.0
gfx950,256,3008,3072,512,torch.float8_e4m3fn,flydsl,2086,0,11.9526,flydsl_bpreshuflle_64x192x256_F8_F8_B16_1x3x4x1_default,791.66,1806.65,0.0
gfx950,256,3008,3584,7168,torch.float8_e4m3fn,flydsl,1000028,0,78.6758,flydsl_bpreshuffle_8w_256x256x128_F8_F8_B16_2x4,1964.41,874.64,0.0
gfx950,256,3008,6400,7168,torch.float8_e4m3fn,flydsl,1000031,0,138.3076,flydsl_bpreshuffle_8w_256x256x128_F8_F8_B16_3x4,1995.44,765.97,0.0
gfx950,256,3008,7168,768,torch.float8_e4m3fn,flydsl,210,0,29.2336,flydsl_bpreshuflle_64x128x256_F8_F8_B16_1x0x4x2_default,1132.88,1742.44,0.0
gfx950,256,3008,7168,1024,torch.float8_e4m3fn,flydsl,245,0,32.0294,flydsl_bpreshuflle_256x128x128_F8_F8_B16_1x0x4x2_default,1378.66,1671.68,0.0
gfx950,256,3008,7168,1536,torch.float8_e4m3fn,flydsl,727,0,42.4358,flydsl_bpreshuflle_128x256x128_F8_F8_B16_1x2x4x2_default,1560.86,1384.52,0.0
gfx950,256,3008,7168,1792,torch.float8_e4m3fn,flydsl,727,0,47.9803,flydsl_bpreshuflle_128x256x128_F8_F8_B16_1x2x4x2_default,1610.57,1278.82,0.0
gfx950,256,3008,7168,4224,torch.float8_e4m3fn,flydsl,727,0,97.026,flydsl_bpreshuflle_128x256x128_F8_F8_B16_1x2x4x2_default,1877.33,887.45,0.0
gfx950,256,3008,8448,7168,torch.float8_e4m3fn,flydsl,1000025,0,152.7867,flydsl_bpreshuffle_8w_256x256x128_F8_F8_B16_1x4,2384.37,870.1,0.0
gfx950,256,3072,576,7168,torch.float8_e4m3fn,flydsl,870,0,25.83,flydsl_bpreshuflle_64x64x256_F8_F8_B16_1x3x0x2_default,982.08,1149.35,0.0
gfx950,256,3072,1536,128,torch.float8_e4m3fn,flydsl,1081,0,6.4301,flydsl_bpreshuflle_64x128x128_F8_F8_B16_1x4x0x2_default,187.86,1559.39,0.0
gfx950,256,3072,1536,1536,torch.float8_e4m3fn,flydsl,224,0,13.5163,flydsl_bpreshuflle_96x192x256_F8_F8_B16_1x0x4x2_default,1072.45,1221.86,0.0
gfx950,256,3072,1536,7168,torch.float8_e4m3fn,flydsl,472,0,43.395,flydsl_bpreshuflle_96x192x256_F8_F8_B16_1x1x4x2_default,1558.84,978.62,0.0
gfx950,256,3072,2048,512,torch.float8_e4m3fn,flydsl,408,0,9.2484,flydsl_bpreshuflle_96x128x256_F8_F8_B16_1x1x0x2_default,696.6,1644.0,0.0
gfx950,256,3072,2176,7168,torch.float8_e4m3fn,flydsl,166,0,55.7188,flydsl_bpreshuflle_112x128x256_F8_F8_B16_1x0x0x2_default,1719.91,915.08,0.0
gfx950,256,3072,2304,1536,torch.float8_e4m3fn,flydsl,658,0,16.44,flydsl_bpreshuflle_112x128x256_F8_F8_B16_1x2x0x2_default,1322.58,1363.34,0.0
gfx950,256,3072,3072,512,torch.float8_e4m3fn,flydsl,408,0,12.035,flydsl_bpreshuflle_96x128x256_F8_F8_B16_1x1x0x2_default,802.96,1829.67,0.0
gfx950,256,3072,3584,7168,torch.float8_e4m3fn,ck,158,0,76.6482,a8w8_bpreshuffle_256x192x256x128_16x16_16x16_8x32x1_8x32x1_1x16x1x16_8x8x1_1x2_intrawave_v3,2059.28,909.74,0.0
gfx950,256,3072,6400,7168,torch.float8_e4m3fn,ck,47,0,139.6494,a8w8_bpreshuffle_256x192x256x128_16x16_16x16_8x32x1_8x32x1_1x32x1x8_8x8x1_2x1_intrawave_v3,2018.32,767.76,0.0
gfx950,256,3072,7168,768,torch.float8_e4m3fn,flydsl,473,0,26.8645,flydsl_bpreshuflle_96x256x128_F8_F8_B16_1x1x4x2_default,1259.02,1932.09,0.0
gfx950,256,3072,7168,1024,torch.float8_e4m3fn,flydsl,473,0,31.8781,flydsl_bpreshuflle_96x256x128_F8_F8_B16_1x1x4x2_default,1414.68,1710.45,0.0
gfx950,256,3072,7168,1536,torch.float8_e4m3fn,flydsl,473,0,43.1762,flydsl_bpreshuflle_96x256x128_F8_F8_B16_1x1x4x2_default,1566.74,1384.3,0.0
gfx950,256,3072,7168,1792,torch.float8_e4m3fn,flydsl,727,0,45.7823,flydsl_bpreshuflle_128x256x128_F8_F8_B16_1x2x4x2_default,1723.81,1362.76,0.0
gfx950,256,3072,7168,4224,torch.float8_e4m3fn,flydsl,607,0,95.0661,flydsl_bpreshuflle_128x256x128_F8_F8_B16_0x2x4x2_default,1956.8,918.24,0.0
gfx950,256,3072,8448,7168,torch.float8_e4m3fn,flydsl,1000029,0,154.5539,flydsl_bpreshuffle_8w_256x256x128_F8_F8_B16_2x8,2407.26,870.12,0.0
gfx950,256,3136,576,7168,torch.float8_e4m3fn,flydsl,413,0,26.2686,flydsl_bpreshuflle_112x64x256_F8_F8_B16_1x1x0x2_default,985.8,1150.43,0.0
gfx950,256,3136,1536,128,torch.float8_e4m3fn,flydsl,2225,0,6.131,flydsl_bpreshuflle_32x128x128_F8_F8_B16_1x4x0x1_default,201.13,1668.86,0.0
gfx950,256,3136,1536,1536,torch.float8_e4m3fn,flydsl,891,0,14.3694,flydsl_bpreshuflle_112x192x256_F8_F8_B16_1x3x0x2_default,1029.79,1169.85,0.0
gfx950,256,3136,1536,7168,torch.float8_e4m3fn,flydsl,229,0,45.8943,flydsl_bpreshuflle_112x192x256_F8_F8_B16_1x0x4x2_default,1504.65,939.61,0.0
gfx950,256,3136,2048,512,torch.float8_e4m3fn,flydsl,414,0,9.5894,flydsl_bpreshuflle_112x128x256_F8_F8_B16_1x1x0x2_default,685.83,1616.29,0.0
gfx950,256,3136,2176,7168,torch.float8_e4m3fn,flydsl,728,0,55.7568,flydsl_bpreshuflle_160x192x128_F8_F8_B16_1x2x4x2_default,1754.55,927.68,0.0
gfx950,256,3136,2304,1536,torch.float8_e4m3fn,flydsl,414,0,15.837,flydsl_bpreshuflle_112x128x256_F8_F8_B16_1x1x0x2_default,1401.54,1440.08,0.0
gfx950,256,3136,3072,512,torch.float8_e4m3fn,flydsl,539,0,12.482,flydsl_bpreshuflle_112x192x256_F8_F8_B16_0x2x0x2_default,790.34,1798.28,0.0
gfx950,256,3136,3584,7168,torch.float8_e4m3fn,flydsl,1000025,0,79.7474,flydsl_bpreshuffle_8w_256x256x128_F8_F8_B16_1x4,2020.48,885.89,0.0
gfx950,256,3136,6400,7168,torch.float8_e4m3fn,flydsl,424,0,134.7138,flydsl_bpreshuflle_160x192x128_F8_F8_B16_1x1x0x2_default,2135.86,805.37,0.0
gfx950,256,3136,7168,768,torch.float8_e4m3fn,flydsl,238,0,27.1221,flydsl_bpreshuflle_160x192x128_F8_F8_B16_1x0x4x2_default,1273.04,1949.38,0.0
gfx950,256,3136,7168,1024,torch.float8_e4m3fn,flydsl,486,0,31.2477,flydsl_bpreshuflle_160x192x128_F8_F8_B16_1x1x4x2_default,1473.28,1776.42,0.0
gfx950,256,3136,7168,1536,torch.float8_e4m3fn,flydsl,668,0,43.997,flydsl_bpreshuflle_160x192x128_F8_F8_B16_1x2x0x2_default,1569.54,1381.56,0.0
gfx950,256,3136,7168,1792,torch.float8_e4m3fn,flydsl,486,0,47.9683,flydsl_bpreshuflle_160x192x128_F8_F8_B16_1x1x4x2_default,1679.53,1322.17,0.0
gfx950,256,3136,7168,4224,torch.float8_e4m3fn,flydsl,424,0,97.9548,flydsl_bpreshuflle_160x192x128_F8_F8_B16_1x1x0x2_default,1938.66,903.29,0.0
gfx950,256,3136,8448,7168,torch.float8_e4m3fn,flydsl,1000031,0,158.5035,flydsl_bpreshuffle_8w_256x256x128_F8_F8_B16_3x4,2396.18,858.15,0.0
gfx950,256,3200,576,7168,torch.float8_e4m3fn,flydsl,1674,0,27.5666,flydsl_bpreshuflle_64x64x256_F8_F8_B16_0x2x0x1_default,958.56,1115.58,0.0
gfx950,256,3200,1536,128,torch.float8_e4m3fn,flydsl,1915,0,6.0369,flydsl_bpreshuflle_64x128x128_F8_F8_B16_0x3x0x1_default,208.43,1728.8,0.0
gfx950,256,3200,1536,1536,torch.float8_e4m3fn,flydsl,646,0,13.6061,flydsl_bpreshuflle_80x128x256_F8_F8_B16_1x2x0x2_default,1109.76,1257.15,0.0
gfx950,256,3200,1536,7168,torch.float8_e4m3fn,flydsl,646,0,45.6615,flydsl_bpreshuflle_80x128x256_F8_F8_B16_1x2x0x2_default,1543.19,958.75,0.0
gfx950,256,3200,2048,512,torch.float8_e4m3fn,flydsl,723,0,9.7126,flydsl_bpreshuflle_128x128x128_F8_F8_B16_1x2x4x2_default,690.95,1626.15,0.0
gfx950,256,3200,2176,7168,torch.float8_e4m3fn,flydsl,1000002,0,58.2058,flydsl_bpreshuffle_8w_128x256x128_F8_F8_B16_1x8,1715.03,901.31,0.0
gfx950,256,3200,2304,1536,torch.float8_e4m3fn,flydsl,1683,0,17.0156,flydsl_bpreshuflle_80x192x256_F8_F8_B16_0x2x0x1_default,1331.09,1363.44,0.0
gfx950,256,3200,3072,512,torch.float8_e4m3fn,flydsl,1804,0,12.6795,flydsl_bpreshuflle_80x256x256_F8_F8_B16_1x2x0x1_default,793.91,1803.86,0.0
gfx950,256,3200,3584,7168,torch.float8_e4m3fn,flydsl,1000026,0,80.312,flydsl_bpreshuffle_8w_256x256x128_F8_F8_B16_1x8,2047.22,891.09,0.0
gfx950,256,3200,6400,7168,torch.float8_e4m3fn,ck,156,0,130.1454,a8w8_bpreshuffle_256x160x256x128_16x16_16x16_8x32x1_8x32x1_1x16x1x16_8x8x1_1x2_intrawave_v3,2255.95,843.46,0.0
gfx950,256,3200,7168,768,torch.float8_e4m3fn,flydsl,238,0,26.8521,flydsl_bpreshuflle_160x192x128_F8_F8_B16_1x0x4x2_default,1312.08,2004.98,0.0
gfx950,256,3200,7168,1024,torch.float8_e4m3fn,flydsl,723,0,33.5461,flydsl_bpreshuflle_128x128x128_F8_F8_B16_1x2x4x2_default,1400.35,1684.01,0.0
gfx950,256,3200,7168,1536,torch.float8_e4m3fn,flydsl,424,0,44.2306,flydsl_bpreshuflle_160x192x128_F8_F8_B16_1x1x0x2_default,1593.11,1397.23,0.0
gfx950,256,3200,7168,1792,torch.float8_e4m3fn,flydsl,486,0,50.1311,flydsl_bpreshuflle_160x192x128_F8_F8_B16_1x1x4x2_default,1639.87,1285.72,0.0
gfx950,256,3200,7168,4224,torch.float8_e4m3fn,flydsl,1000034,0,97.8228,flydsl_bpreshuffle_8w_256x256x128_F8_F8_B16_4x4,1980.9,916.65,0.0
gfx950,256,3200,8448,7168,torch.float8_e4m3fn,flydsl,1000025,0,158.8172,flydsl_bpreshuffle_8w_256x256x128_F8_F8_B16_1x4,2440.25,866.15,0.0
gfx950,256,3264,576,7168,torch.float8_e4m3fn,flydsl,1734,0,28.4065,flydsl_bpreshuflle_64x64x256_F8_F8_B16_0x2x4x1_default,948.82,1101.34,0.0
gfx950,256,3264,1536,128,torch.float8_e4m3fn,flydsl,531,0,6.2211,flydsl_bpreshuflle_96x128x128_F8_F8_B16_0x2x0x2_default,206.31,1710.53,0.0
gfx950,256,3264,1536,1536,torch.float8_e4m3fn,flydsl,652,0,14.4442,flydsl_bpreshuflle_96x128x256_F8_F8_B16_1x2x0x2_default,1066.27,1204.62,0.0
gfx950,256,3264,1536,7168,torch.float8_e4m3fn,flydsl,470,0,46.9979,flydsl_bpreshuflle_96x128x256_F8_F8_B16_1x1x4x2_default,1529.29,945.43,0.0
gfx950,256,3264,2048,512,torch.float8_e4m3fn,flydsl,1431,0,10.223,flydsl_bpreshuflle_64x256x128_F8_F8_B16_0x1x0x1_default,669.58,1573.81,0.0
gfx950,256,3264,2176,7168,torch.float8_e4m3fn,flydsl,1000002,0,57.4156,flydsl_bpreshuffle_8w_128x256x128_F8_F8_B16_1x8,1773.4,926.56,0.0
gfx950,256,3264,2304,1536,torch.float8_e4m3fn,flydsl,664,0,17.2254,flydsl_bpreshuflle_128x128x256_F8_F8_B16_1x2x0x2_default,1341.17,1369.66,0.0
gfx950,256,3264,3072,512,torch.float8_e4m3fn,flydsl,655,0,12.6244,flydsl_bpreshuflle_96x256x128_F8_F8_B16_1x2x0x2_default,813.32,1845.48,0.0
gfx950,256,3264,3584,7168,torch.float8_e4m3fn,ck,158,0,79.6982,a8w8_bpreshuffle_256x192x256x128_16x16_16x16_8x32x1_8x32x1_1x16x1x16_8x8x1_1x2_intrawave_v3,2104.25,909.47,0.0
gfx950,256,3264,6400,7168,torch.float8_e4m3fn,ck,158,0,137.4723,a8w8_bpreshuffle_256x192x256x128_16x16_16x16_8x32x1_8x32x1_1x16x1x16_8x8x1_1x2_intrawave_v3,2178.43,807.8,0.0
gfx950,256,3264,7168,768,torch.float8_e4m3fn,flydsl,225,0,27.3805,flydsl_bpreshuflle_96x256x128_F8_F8_B16_1x0x4x2_default,1312.5,2001.59,0.0
gfx950,256,3264,7168,1024,torch.float8_e4m3fn,flydsl,349,0,33.1019,flydsl_bpreshuflle_96x256x128_F8_F8_B16_0x1x4x2_default,1447.52,1736.31,0.0
gfx950,256,3264,7168,1536,torch.float8_e4m3fn,flydsl,225,0,45.0414,flydsl_bpreshuflle_96x256x128_F8_F8_B16_1x0x4x2_default,1595.72,1394.63,0.0
gfx950,256,3264,7168,1792,torch.float8_e4m3fn,flydsl,715,0,51.3739,flydsl_bpreshuflle_96x256x128_F8_F8_B16_1x2x4x2_default,1632.2,1274.71,0.0
gfx950,256,3264,7168,4224,torch.float8_e4m3fn,flydsl,1000034,0,95.7724,flydsl_bpreshuffle_8w_256x256x128_F8_F8_B16_4x4,2063.77,948.68,0.0
gfx950,256,3264,8448,7168,torch.float8_e4m3fn,flydsl,1000029,0,157.6503,flydsl_bpreshuffle_8w_256x256x128_F8_F8_B16_2x8,2507.48,882.33,0.0
gfx950,256,3328,576,7168,torch.float8_e4m3fn,flydsl,270,0,27.1058,flydsl_bpreshuflle_64x64x256_F8_F8_B16_0x1x0x2_default,1013.85,1173.83,0.0
gfx950,256,3328,1536,128,torch.float8_e4m3fn,flydsl,1673,0,6.5292,flydsl_bpreshuflle_64x64x128_F8_F8_B16_0x2x0x1_default,200.43,1661.18,0.0
gfx950,256,3328,1536,1536,torch.float8_e4m3fn,flydsl,483,0,15.1716,flydsl_bpreshuflle_128x192x128_F8_F8_B16_1x1x4x2_default,1035.06,1166.31,0.0
gfx950,256,3328,1536,7168,torch.float8_e4m3fn,flydsl,483,0,46.6377,flydsl_bpreshuflle_128x192x128_F8_F8_B16_1x1x4x2_default,1571.32,966.79,0.0
gfx950,256,3328,2048,512,torch.float8_e4m3fn,flydsl,603,0,9.8552,flydsl_bpreshuflle_128x128x128_F8_F8_B16_0x2x4x2_default,708.19,1662.47,0.0
gfx950,256,3328,2176,7168,torch.float8_e4m3fn,flydsl,1000002,0,59.2304,flydsl_bpreshuffle_8w_128x256x128_F8_F8_B16_1x8,1752.77,910.62,0.0
gfx950,256,3328,2304,1536,torch.float8_e4m3fn,flydsl,1103,0,17.1143,flydsl_bpreshuflle_128x128x256_F8_F8_B16_1x4x0x2_default,1376.35,1401.53,0.0
gfx950,256,3328,3072,512,torch.float8_e4m3fn,flydsl,1821,0,12.8654,flydsl_bpreshuflle_128x192x128_F8_F8_B16_1x2x0x1_default,813.73,1844.02,0.0
gfx950,256,3328,3584,7168,torch.float8_e4m3fn,flydsl,1000035,0,81.5814,flydsl_bpreshuffle_8w_256x256x128_F8_F8_B16_4x8,2095.98,899.72,0.0
gfx950,256,3328,6400,7168,torch.float8_e4m3fn,flydsl,1000025,0,143.4856,flydsl_bpreshuffle_8w_256x256x128_F8_F8_B16_1x4,2128.06,782.86,0.0
gfx950,256,3328,7168,768,torch.float8_e4m3fn,flydsl,735,0,29.1329,flydsl_bpreshuflle_256x128x128_F8_F8_B16_1x2x4x2_default,1257.73,1914.37,0.0
gfx950,256,3328,7168,1024,torch.float8_e4m3fn,flydsl,245,0,34.3597,flydsl_bpreshuflle_256x128x128_F8_F8_B16_1x0x4x2_default,1421.88,1701.36,0.0
gfx950,256,3328,7168,1536,torch.float8_e4m3fn,flydsl,727,0,45.7891,flydsl_bpreshuflle_128x256x128_F8_F8_B16_1x2x4x2_default,1600.44,1394.04,0.0
gfx950,256,3328,7168,1792,torch.float8_e4m3fn,flydsl,727,0,51.2047,flydsl_bpreshuflle_128x256x128_F8_F8_B16_1x2x4x2_default,1669.7,1299.08,0.0
gfx950,256,3328,7168,4224,torch.float8_e4m3fn,flydsl,1000025,0,96.6751,flydsl_bpreshuffle_8w_256x256x128_F8_F8_B16_1x4,2084.59,952.11,0.0
gfx950,256,3328,8448,7168,torch.float8_e4m3fn,flydsl,1000031,0,161.8874,flydsl_bpreshuffle_8w_256x256x128_F8_F8_B16_3x4,2489.73,868.75,0.0
gfx950,256,3392,576,7168,torch.float8_e4m3fn,flydsl,456,0,27.6703,flydsl_bpreshuflle_64x64x256_F8_F8_B16_1x1x4x2_default,1012.26,1169.13,0.0
gfx950,256,3392,1536,128,torch.float8_e4m3fn,flydsl,1539,0,6.666,flydsl_bpreshuflle_32x128x128_F8_F8_B16_1x1x0x1_default,200.09,1657.82,0.0
gfx950,256,3392,1536,1536,torch.float8_e4m3fn,flydsl,229,0,15.0485,flydsl_bpreshuflle_112x192x256_F8_F8_B16_1x0x4x2_default,1063.59,1195.44,0.0
gfx950,256,3392,1536,7168,torch.float8_e4m3fn,flydsl,229,0,48.5507,flydsl_bpreshuflle_112x192x256_F8_F8_B16_1x0x4x2_default,1538.44,942.19,0.0
gfx950,256,3392,2048,512,torch.float8_e4m3fn,flydsl,723,0,9.7705,flydsl_bpreshuflle_128x128x128_F8_F8_B16_1x2x4x2_default,728.06,1707.07,0.0
gfx950,256,3392,2176,7168,torch.float8_e4m3fn,flydsl,1000008,0,58.8916,flydsl_bpreshuffle_8w_128x256x128_F8_F8_B16_3x8,1796.76,928.37,0.0
gfx950,256,3392,2304,1536,torch.float8_e4m3fn,flydsl,1740,0,18.7337,flydsl_bpreshuflle_64x256x256_F8_F8_B16_0x2x4x1_default,1281.55,1301.37,0.0
gfx950,256,3392,3072,512,torch.float8_e4m3fn,flydsl,725,0,12.9649,flydsl_bpreshuflle_128x192x128_F8_F8_B16_1x2x4x2_default,823.02,1862.72,0.0
gfx950,256,3392,3584,7168,torch.float8_e4m3fn,flydsl,1000035,0,80.9294,flydsl_bpreshuffle_8w_256x256x128_F8_F8_B16_4x8,2153.5,918.3,0.0
gfx950,256,3392,6400,7168,torch.float8_e4m3fn,flydsl,1000035,0,143.5244,flydsl_bpreshuffle_8w_256x256x128_F8_F8_B16_4x8,2168.39,791.55,0.0
gfx950,256,3392,7168,768,torch.float8_e4m3fn,flydsl,228,0,29.816,flydsl_bpreshuflle_112x128x256_F8_F8_B16_1x0x4x2_default,1252.55,1902.93,0.0
gfx950,256,3392,7168,1024,torch.float8_e4m3fn,flydsl,481,0,35.5266,flydsl_bpreshuflle_128x128x128_F8_F8_B16_1x1x4x2_default,1401.62,1673.14,0.0
gfx950,256,3392,7168,1536,torch.float8_e4m3fn,flydsl,1000031,0,50.7367,flydsl_bpreshuffle_8w_256x256x128_F8_F8_B16_3x4,1472.15,1278.13,0.0
gfx950,256,3392,7168,1792,torch.float8_e4m3fn,flydsl,1000031,0,54.5471,flydsl_bpreshuffle_8w_256x256x128_F8_F8_B16_3x4,1597.53,1238.4,0.0
gfx950,256,3392,7168,4224,torch.float8_e4m3fn,flydsl,1000035,0,99.3424,flydsl_bpreshuffle_8w_256x256x128_F8_F8_B16_4x8,2067.63,938.5,0.0
gfx950,256,3392,8448,7168,torch.float8_e4m3fn,flydsl,1000028,0,162.8571,flydsl_bpreshuffle_8w_256x256x128_F8_F8_B16_2x4,2522.5,873.04,0.0
gfx950,256,3456,576,7168,torch.float8_e4m3fn,flydsl,1914,0,28.521,flydsl_bpreshuflle_64x64x256_F8_F8_B16_0x3x0x1_default,1000.6,1152.93,0.0
gfx950,256,3456,1536,128,torch.float8_e4m3fn,flydsl,2139,0,6.6427,flydsl_bpreshuflle_64x128x128_F8_F8_B16_0x4x0x1_default,204.58,1694.46,0.0
gfx950,256,3456,1536,1536,torch.float8_e4m3fn,flydsl,1094,0,14.3957,flydsl_bpreshuflle_96x128x256_F8_F8_B16_1x4x0x2_default,1132.8,1270.14,0.0
gfx950,256,3456,1536,7168,torch.float8_e4m3fn,flydsl,477,0,48.4366,flydsl_bpreshuflle_112x192x256_F8_F8_B16_1x1x4x2_default,1571.16,957.94,0.0
gfx950,256,3456,2048,512,torch.float8_e4m3fn,flydsl,723,0,10.1021,flydsl_bpreshuflle_128x128x128_F8_F8_B16_1x2x4x2_default,717.45,1680.23,0.0
gfx950,256,3456,2176,7168,torch.float8_e4m3fn,flydsl,1000002,0,58.781,flydsl_bpreshuffle_8w_128x256x128_F8_F8_B16_1x8,1834.1,942.66,0.0
gfx950,256,3456,2304,1536,torch.float8_e4m3fn,flydsl,714,0,18.1074,flydsl_bpreshuflle_96x192x256_F8_F8_B16_1x2x4x2_default,1350.89,1368.09,0.0
gfx950,256,3456,3072,512,torch.float8_e4m3fn,flydsl,725,0,12.8568,flydsl_bpreshuflle_128x192x128_F8_F8_B16_1x2x4x2_default,845.59,1911.52,0.0
gfx950,256,3456,3584,7168,torch.float8_e4m3fn,ck,158,0,79.5194,a8w8_bpreshuffle_256x192x256x128_16x16_16x16_8x32x1_8x32x1_1x16x1x16_8x8x1_1x2_intrawave_v3,2233.04,946.13,0.0
gfx950,256,3456,6400,7168,torch.float8_e4m3fn,ck,158,0,142.7032,a8w8_bpreshuffle_256x192x256x128_16x16_16x16_8x32x1_8x32x1_1x16x1x16_8x8x1_1x2_intrawave_v3,2222.02,805.06,0.0
gfx950,256,3456,7168,768,torch.float8_e4m3fn,flydsl,715,0,27.9765,flydsl_bpreshuflle_96x256x128_F8_F8_B16_1x2x4x2_default,1360.1,2062.6,0.0
gfx950,256,3456,7168,1024,torch.float8_e4m3fn,flydsl,225,0,33.572,flydsl_bpreshuflle_96x256x128_F8_F8_B16_1x0x4x2_default,1511.21,1799.84,0.0
gfx950,256,3456,7168,1536,torch.float8_e4m3fn,flydsl,225,0,47.0079,flydsl_bpreshuflle_96x256x128_F8_F8_B16_1x0x4x2_default,1618.91,1401.12,0.0
gfx950,256,3456,7168,1792,torch.float8_e4m3fn,flydsl,1258,0,52.5059,flydsl_bpreshuflle_96x256x256_F8_F8_B16_0x0x4x1_default,1690.95,1306.2,0.0
gfx950,256,3456,7168,4224,torch.float8_e4m3fn,flydsl,1000005,0,99.4732,flydsl_bpreshuffle_8w_128x256x128_F8_F8_B16_2x8,2103.87,949.21,0.0
gfx950,256,3456,8448,7168,torch.float8_e4m3fn,flydsl,1000028,0,162.4762,flydsl_bpreshuffle_8w_256x256x128_F8_F8_B16_2x4,2576.12,884.56,0.0
gfx950,256,3520,576,7168,torch.float8_e4m3fn,flydsl,662,0,27.8252,flydsl_bpreshuflle_128x64x256_F8_F8_B16_1x2x0x2_default,1044.61,1200.9,0.0
gfx950,256,3520,1536,128,torch.float8_e4m3fn,flydsl,1677,0,6.8119,flydsl_bpreshuflle_64x192x128_F8_F8_B16_0x2x0x1_default,203.19,1682.44,0.0
gfx950,256,3520,1536,1536,torch.float8_e4m3fn,flydsl,229,0,15.2115,flydsl_bpreshuflle_112x192x256_F8_F8_B16_1x0x4x2_default,1091.9,1221.41,0.0
gfx950,256,3520,1536,7168,torch.float8_e4m3fn,flydsl,483,0,48.4027,flydsl_bpreshuflle_128x192x128_F8_F8_B16_1x1x4x2_default,1601.37,972.15,0.0
gfx950,256,3520,2048,512,torch.float8_e4m3fn,flydsl,402,0,10.284,flydsl_bpreshuflle_80x128x256_F8_F8_B16_1x1x0x2_default,717.81,1679.18,0.0
gfx950,256,3520,2176,7168,torch.float8_e4m3fn,flydsl,1000008,0,59.3904,flydsl_bpreshuffle_8w_128x256x128_F8_F8_B16_3x8,1848.9,945.4,0.0
gfx950,256,3520,2304,1536,torch.float8_e4m3fn,flydsl,172,0,17.7094,flydsl_bpreshuflle_128x128x256_F8_F8_B16_1x0x0x2_default,1406.83,1421.04,0.0
gfx950,256,3520,3072,512,torch.float8_e4m3fn,flydsl,665,0,12.9719,flydsl_bpreshuflle_128x192x128_F8_F8_B16_1x2x0x2_default,853.61,1927.4,0.0
gfx950,256,3520,3584,7168,torch.float8_e4m3fn,flydsl,1000032,0,83.3966,flydsl_bpreshuffle_8w_256x256x128_F8_F8_B16_3x8,2168.65,913.14,0.0
gfx950,256,3520,6400,7168,torch.float8_e4m3fn,flydsl,1000031,0,147.5017,flydsl_bpreshuffle_8w_256x256x128_F8_F8_B16_3x4,2189.54,787.53,0.0
gfx950,256,3520,7168,768,torch.float8_e4m3fn,flydsl,1744,0,30.9125,flydsl_bpreshuflle_80x256x256_F8_F8_B16_0x2x4x1_default,1253.71,1897.97,0.0
gfx950,256,3520,7168,1024,torch.float8_e4m3fn,flydsl,1250,0,38.1446,flydsl_bpreshuflle_80x256x256_F8_F8_B16_0x0x4x1_default,1354.68,1609.85,0.0
gfx950,256,3520,7168,1536,torch.float8_e4m3fn,flydsl,1000028,0,49.6943,flydsl_bpreshuffle_8w_256x256x128_F8_F8_B16_2x4,1559.75,1345.82,0.0
gfx950,256,3520,7168,1792,torch.float8_e4m3fn,flydsl,1000025,0,55.2232,flydsl_bpreshuffle_8w_256x256x128_F8_F8_B16_1x4,1637.52,1260.62,0.0
gfx950,256,3520,7168,4224,torch.float8_e4m3fn,flydsl,1000031,0,101.5076,flydsl_bpreshuffle_8w_256x256x128_F8_F8_B16_3x4,2099.89,941.89,0.0
gfx950,256,3520,8448,7168,torch.float8_e4m3fn,flydsl,1000032,0,163.6793,flydsl_bpreshuffle_8w_256x256x128_F8_F8_B16_3x8,2604.54,887.47,0.0
gfx950,256,3584,576,7168,torch.float8_e4m3fn,flydsl,758,0,27.6999,flydsl_bpreshuflle_64x64x256_F8_F8_B16_0x3x0x2_default,1068.42,1225.55,0.0
gfx950,256,3584,1536,128,torch.float8_e4m3fn,flydsl,273,0,6.3462,flydsl_bpreshuflle_64x192x128_F8_F8_B16_0x1x0x2_default,222.07,1838.17,0.0
gfx950,256,3584,1536,1536,torch.float8_e4m3fn,flydsl,1148,0,15.1485,flydsl_bpreshuflle_112x192x256_F8_F8_B16_1x4x4x2_default,1116.38,1245.96,0.0
gfx950,256,3584,1536,7168,torch.float8_e4m3fn,flydsl,235,0,48.0321,flydsl_bpreshuflle_128x192x128_F8_F8_B16_1x0x4x2_default,1643.07,993.3,0.0
gfx950,256,3584,2048,512,torch.float8_e4m3fn,flydsl,603,0,10.0671,flydsl_bpreshuflle_128x128x128_F8_F8_B16_0x2x4x2_default,746.61,1744.66,0.0
gfx950,256,3584,2176,7168,torch.float8_e4m3fn,flydsl,1000008,0,60.542,flydsl_bpreshuffle_8w_128x256x128_F8_F8_B16_3x8,1846.71,939.6,0.0
gfx950,256,3584,2304,1536,torch.float8_e4m3fn,flydsl,896,0,18.0895,flydsl_bpreshuflle_128x128x256_F8_F8_B16_1x3x0x2_default,1402.31,1412.92,0.0
gfx950,256,3584,3072,512,torch.float8_e4m3fn,flydsl,659,0,13.0185,flydsl_bpreshuflle_112x192x256_F8_F8_B16_1x2x0x2_default,866.02,1953.22,0.0
gfx950,256,3584,3584,7168,torch.float8_e4m3fn,flydsl,1000035,0,84.0569,flydsl_bpreshuffle_8w_256x256x128_F8_F8_B16_4x8,2190.74,916.88,0.0
gfx950,256,3584,6400,7168,torch.float8_e4m3fn,flydsl,1000029,0,147.3326,flydsl_bpreshuffle_8w_256x256x128_F8_F8_B16_2x8,2231.91,797.11,0.0
gfx950,256,3584,7168,768,torch.float8_e4m3fn,flydsl,481,0,30.4429,flydsl_bpreshuflle_128x128x128_F8_F8_B16_1x1x4x2_default,1296.2,1959.0,0.0
gfx950,256,3584,7168,1024,torch.float8_e4m3fn,flydsl,228,0,37.11,flydsl_bpreshuflle_112x128x256_F8_F8_B16_1x0x4x2_default,1417.77,1681.23,0.0
gfx950,256,3584,7168,1536,torch.float8_e4m3fn,flydsl,1000031,0,50.1619,flydsl_bpreshuffle_8w_256x256x128_F8_F8_B16_3x4,1573.31,1353.52,0.0
gfx950,256,3584,7168,1792,torch.float8_e4m3fn,flydsl,1000034,0,55.926,flydsl_bpreshuffle_8w_256x256x128_F8_F8_B16_4x4,1646.34,1263.24,0.0
gfx950,256,3584,7168,4224,torch.float8_e4m3fn,flydsl,1000026,0,101.4996,flydsl_bpreshuffle_8w_256x256x128_F8_F8_B16_1x8,2138.24,953.67,0.0
gfx950,256,3584,8448,7168,torch.float8_e4m3fn,flydsl,1000031,0,163.4339,flydsl_bpreshuffle_8w_256x256x128_F8_F8_B16_3x4,2655.88,898.23,0.0
gfx950,256,3648,576,7168,torch.float8_e4m3fn,flydsl,19,0,29.6002,flydsl_bpreshuflle_48x192x256_F8_F8_B16_0x0x0x2_default,1017.68,1164.86,0.0
gfx950,256,3648,1536,128,torch.float8_e4m3fn,flydsl,1315,0,6.8051,flydsl_bpreshuflle_96x128x128_F8_F8_B16_1x0x0x1_default,210.79,1744.31,0.0
gfx950,256,3648,1536,1536,torch.float8_e4m3fn,flydsl,712,0,14.7724,flydsl_bpreshuflle_96x128x256_F8_F8_B16_1x2x4x2_default,1165.24,1297.64,0.0
gfx950,256,3648,1536,7168,torch.float8_e4m3fn,flydsl,725,0,49.2619,flydsl_bpreshuflle_128x192x128_F8_F8_B16_1x2x4x2_default,1630.66,981.8,0.0
gfx950,256,3648,2048,512,torch.float8_e4m3fn,flydsl,603,0,10.1513,flydsl_bpreshuflle_128x128x128_F8_F8_B16_0x2x4x2_default,753.64,1759.24,0.0
gfx950,256,3648,2176,7168,torch.float8_e4m3fn,flydsl,245,0,66.8985,flydsl_bpreshuflle_256x128x128_F8_F8_B16_1x0x4x2_default,1701.08,861.34,0.0
gfx950,256,3648,2304,1536,torch.float8_e4m3fn,flydsl,472,0,19.527,flydsl_bpreshuflle_96x192x256_F8_F8_B16_1x1x4x2_default,1322.28,1329.04,0.0
gfx950,256,3648,3072,512,torch.float8_e4m3fn,flydsl,655,0,13.1652,flydsl_bpreshuflle_96x256x128_F8_F8_B16_1x2x0x2_default,871.66,1963.81,0.0
gfx950,256,3648,3584,7168,torch.float8_e4m3fn,flydsl,1000031,0,84.2256,flydsl_bpreshuffle_8w_256x256x128_F8_F8_B16_3x4,2225.39,925.94,0.0
gfx950,256,3648,6400,7168,torch.float8_e4m3fn,ck,158,0,147.3875,a8w8_bpreshuffle_256x192x256x128_16x16_16x16_8x32x1_8x32x1_1x16x1x16_8x8x1_1x2_intrawave_v3,2270.92,805.49,0.0
gfx950,256,3648,7168,768,torch.float8_e4m3fn,flydsl,715,0,32.0909,flydsl_bpreshuflle_96x256x128_F8_F8_B16_1x2x4x2_default,1251.59,1888.52,0.0
gfx950,256,3648,7168,1024,torch.float8_e4m3fn,flydsl,233,0,36.0945,flydsl_bpreshuflle_128x128x128_F8_F8_B16_1x0x4x2_default,1483.69,1755.76,0.0
gfx950,256,3648,7168,1536,torch.float8_e4m3fn,flydsl,715,0,52.7511,flydsl_bpreshuflle_96x256x128_F8_F8_B16_1x2x4x2_default,1522.8,1306.34,0.0
gfx950,256,3648,7168,1792,torch.float8_e4m3fn,flydsl,1000035,0,56.9332,flydsl_bpreshuffle_8w_256x256x128_F8_F8_B16_4x8,1646.1,1259.02,0.0
gfx950,256,3648,7168,4224,torch.float8_e4m3fn,flydsl,1000034,0,100.7914,flydsl_bpreshuffle_8w_256x256x128_F8_F8_B16_4x4,2191.71,972.15,0.0
gfx950,256,3648,8448,7168,torch.float8_e4m3fn,flydsl,1000031,0,164.3807,flydsl_bpreshuffle_8w_256x256x128_F8_F8_B16_3x4,2687.73,902.42,0.0
gfx950,256,3712,576,7168,torch.float8_e4m3fn,cktile,84,0,32.1865,a8w8_bpreshuffle_cktile_0x0x8x4x1x0x0x0x0x1_80x64x256_1x4x1_16x16x128_default,952.32,1087.8,0.0
gfx950,256,3712,1536,128,torch.float8_e4m3fn,flydsl,1543,0,6.4869,flydsl_bpreshuflle_32x256x128_F8_F8_B16_1x1x0x1_default,225.01,1861.45,0.0
gfx950,256,3712,1536,1536,torch.float8_e4m3fn,flydsl,235,0,15.3385,flydsl_bpreshuflle_128x192x128_F8_F8_B16_1x0x4x2_default,1141.92,1268.98,0.0
gfx950,256,3712,1536,7168,torch.float8_e4m3fn,flydsl,483,0,49.744,flydsl_bpreshuflle_128x192x128_F8_F8_B16_1x1x4x2_default,1643.19,985.46,0.0
gfx950,256,3712,2048,512,torch.float8_e4m3fn,flydsl,233,0,10.4306,flydsl_bpreshuflle_128x128x128_F8_F8_B16_1x0x4x2_default,746.33,1740.41,0.0
gfx950,256,3712,2176,7168,torch.float8_e4m3fn,ck,63,0,65.6913,a8w8_bpreshuffle_256x128x128x256_16x16_16x16_16x16x1_16x16x1_1x32x1x8_8x8x1_2x1_intrawave_v3,1762.73,888.39,0.0
gfx950,256,3712,2304,1536,torch.float8_e4m3fn,flydsl,702,0,20.912,flydsl_bpreshuflle_64x192x256_F8_F8_B16_1x2x4x2_default,1256.37,1259.83,0.0
gfx950,256,3712,3072,512,torch.float8_e4m3fn,flydsl,725,0,13.2091,flydsl_bpreshuflle_128x192x128_F8_F8_B16_1x2x4x2_default,884.01,1989.53,0.0
gfx950,256,3712,3584,7168,torch.float8_e4m3fn,flydsl,1000031,0,85.6229,flydsl_bpreshuffle_8w_256x256x128_F8_F8_B16_3x4,2227.48,921.54,0.0
gfx950,256,3712,6400,7168,torch.float8_e4m3fn,flydsl,1000029,0,151.1605,flydsl_bpreshuffle_8w_256x256x128_F8_F8_B16_2x8,2253.09,793.83,0.0
gfx950,256,3712,7168,768,torch.float8_e4m3fn,flydsl,242,0,31.0947,flydsl_bpreshuflle_224x128x128_F8_F8_B16_1x0x4x2_default,1314.35,1980.11,0.0
gfx950,256,3712,7168,1024,torch.float8_e4m3fn,flydsl,233,0,35.8278,flydsl_bpreshuflle_128x128x128_F8_F8_B16_1x0x4x2_default,1520.95,1796.27,0.0
gfx950,256,3712,7168,1536,torch.float8_e4m3fn,flydsl,424,0,51.5879,flydsl_bpreshuflle_160x192x128_F8_F8_B16_1x1x0x2_default,1584.45,1355.49,0.0
gfx950,256,3712,7168,1792,torch.float8_e4m3fn,flydsl,1000031,0,58.0536,flydsl_bpreshuffle_8w_256x256x128_F8_F8_B16_3x4,1642.65,1252.5,0.0
gfx950,256,3712,7168,4224,torch.float8_e4m3fn,flydsl,1000034,0,104.0728,flydsl_bpreshuffle_8w_256x256x128_F8_F8_B16_4x4,2159.85,952.91,0.0
gfx950,256,3712,8448,7168,torch.float8_e4m3fn,flydsl,1000025,0,168.2753,flydsl_bpreshuffle_8w_256x256x128_F8_F8_B16_1x4,2671.59,890.69,0.0
gfx950,256,3776,576,7168,torch.float8_e4m3fn,flydsl,460,0,31.9725,flydsl_bpreshuflle_64x192x256_F8_F8_B16_1x1x4x2_default,975.23,1111.74,0.0
gfx950,256,3776,1536,128,torch.float8_e4m3fn,flydsl,985,0,7.0264,flydsl_bpreshuflle_64x192x128_F8_F8_B16_0x4x0x2_default,211.31,1747.67,0.0
gfx950,256,3776,1536,1536,torch.float8_e4m3fn,flydsl,725,0,15.5943,flydsl_bpreshuflle_128x192x128_F8_F8_B16_1x2x4x2_default,1142.56,1267.07,0.0
gfx950,256,3776,1536,7168,torch.float8_e4m3fn,flydsl,483,0,49.7047,flydsl_bpreshuflle_128x192x128_F8_F8_B16_1x1x4x2_default,1672.84,999.43,0.0
gfx950,256,3776,2048,512,torch.float8_e4m3fn,flydsl,723,0,10.3018,flydsl_bpreshuflle_128x128x128_F8_F8_B16_1x2x4x2_default,768.69,1790.79,0.0
gfx950,256,3776,2176,7168,torch.float8_e4m3fn,flydsl,420,0,66.679,flydsl_bpreshuflle_128x128x256_F8_F8_B16_1x1x0x2_default,1766.57,886.29,0.0
gfx950,256,3776,2304,1536,torch.float8_e4m3fn,flydsl,483,0,20.3601,flydsl_bpreshuflle_128x192x128_F8_F8_B16_1x1x4x2_default,1312.67,1313.29,0.0
gfx950,256,3776,3072,512,torch.float8_e4m3fn,flydsl,665,0,13.3975,flydsl_bpreshuflle_128x192x128_F8_F8_B16_1x2x0x2_default,886.6,1993.35,0.0
gfx950,256,3776,3584,7168,torch.float8_e4m3fn,flydsl,1000034,0,83.9303,flydsl_bpreshuffle_8w_256x256x128_F8_F8_B16_4x4,2311.58,951.06,0.0
gfx950,256,3776,6400,7168,torch.float8_e4m3fn,flydsl,1000031,0,151.6176,flydsl_bpreshuffle_8w_256x256x128_F8_F8_B16_3x4,2285.02,799.87,0.0
gfx950,256,3776,7168,768,torch.float8_e4m3fn,flydsl,233,0,32.7761,flydsl_bpreshuflle_128x128x128_F8_F8_B16_1x0x4x2_default,1268.42,1908.03,0.0
gfx950,256,3776,7168,1024,torch.float8_e4m3fn,flydsl,1513,0,37.8257,flydsl_bpreshuflle_128x128x128_F8_F8_B16_0x1x4x1_default,1465.46,1727.38,0.0
gfx950,256,3776,7168,1536,torch.float8_e4m3fn,flydsl,176,0,52.6691,flydsl_bpreshuflle_160x192x128_F8_F8_B16_1x0x0x2_default,1578.68,1346.95,0.0
gfx950,256,3776,7168,1792,torch.float8_e4m3fn,flydsl,1000025,0,58.1812,flydsl_bpreshuffle_8w_256x256x128_F8_F8_B16_1x4,1667.31,1267.5,0.0
gfx950,256,3776,7168,4224,torch.float8_e4m3fn,flydsl,1000035,0,103.4546,flydsl_bpreshuffle_8w_256x256x128_F8_F8_B16_4x8,2210.21,970.09,0.0
gfx950,256,3776,8448,7168,torch.float8_e4m3fn,flydsl,1000025,0,168.4878,flydsl_bpreshuffle_8w_256x256x128_F8_F8_B16_1x4,2714.22,898.71,0.0
gfx950,256,3840,576,7168,torch.float8_e4m3fn,flydsl,645,0,28.4984,flydsl_bpreshuflle_80x64x256_F8_F8_B16_1x2x0x2_default,1112.66,1265.95,0.0
gfx950,256,3840,1536,128,torch.float8_e4m3fn,flydsl,2139,0,6.9491,flydsl_bpreshuflle_64x128x128_F8_F8_B16_0x4x0x1_default,217.29,1796.58,0.0
gfx950,256,3840,1536,1536,torch.float8_e4m3fn,flydsl,408,0,15.1761,flydsl_bpreshuflle_96x128x256_F8_F8_B16_1x1x0x2_default,1193.94,1321.42,0.0
gfx950,256,3840,1536,7168,torch.float8_e4m3fn,flydsl,235,0,49.8207,flydsl_bpreshuflle_128x192x128_F8_F8_B16_1x0x4x2_default,1697.23,1010.26,0.0
gfx950,256,3840,2048,512,torch.float8_e4m3fn,flydsl,603,0,10.2823,flydsl_bpreshuflle_128x128x128_F8_F8_B16_0x2x4x2_default,783.2,1822.87,0.0
gfx950,256,3840,2176,7168,torch.float8_e4m3fn,ck,58,0,66.8642,a8w8_bpreshuffle_256x160x128x128_16x16_16x16_8x32x1_8x32x1_1x32x1x8_8x8x1_2x1_intrawave_v3,1791.53,894.86,0.0
gfx950,256,3840,2304,1536,torch.float8_e4m3fn,flydsl,471,0,20.0021,flydsl_bpreshuflle_96x192x128_F8_F8_B16_1x1x4x2_default,1358.81,1356.45,0.0
gfx950,256,3840,3072,512,torch.float8_e4m3fn,flydsl,411,0,13.5351,flydsl_bpreshuflle_96x256x128_F8_F8_B16_1x1x0x2_default,892.46,2004.56,0.0
gfx950,256,3840,3584,7168,torch.float8_e4m3fn,flydsl,1000031,0,83.6389,flydsl_bpreshuffle_8w_256x256x128_F8_F8_B16_3x4,2358.95,965.34,0.0
gfx950,256,3840,6400,7168,torch.float8_e4m3fn,ck,158,0,148.5551,a8w8_bpreshuffle_256x192x256x128_16x16_16x16_8x32x1_8x32x1_1x16x1x16_8x8x1_1x2_intrawave_v3,2371.66,824.96,0.0
gfx950,256,3840,7168,768,torch.float8_e4m3fn,flydsl,473,0,31.5245,flydsl_bpreshuflle_96x256x128_F8_F8_B16_1x1x4x2_default,1341.13,2014.45,0.0
gfx950,256,3840,7168,1024,torch.float8_e4m3fn,flydsl,473,0,36.1441,flydsl_bpreshuflle_96x256x128_F8_F8_B16_1x1x4x2_default,1559.63,1834.94,0.0
gfx950,256,3840,7168,1536,torch.float8_e4m3fn,flydsl,225,0,53.3596,flydsl_bpreshuflle_96x256x128_F8_F8_B16_1x0x4x2_default,1584.67,1348.56,0.0
gfx950,256,3840,7168,1792,torch.float8_e4m3fn,flydsl,1000032,0,57.5159,flydsl_bpreshuffle_8w_256x256x128_F8_F8_B16_3x8,1715.18,1300.1,0.0
gfx950,256,3840,7168,4224,torch.float8_e4m3fn,flydsl,1000034,0,106.004,flydsl_bpreshuffle_8w_256x256x128_F8_F8_B16_4x4,2193.62,957.96,0.0
gfx950,256,3840,8448,7168,torch.float8_e4m3fn,flydsl,1000032,0,169.4674,flydsl_bpreshuffle_8w_256x256x128_F8_F8_B16_3x8,2744.27,902.6,0.0
gfx950,256,3904,576,7168,torch.float8_e4m3fn,cktile,109,0,32.9607,a8w8_bpreshuffle_cktile_0x0x8x4x1x0x0x0x0x2_48x192x256_1x4x1_16x16x128_default,978.06,1110.72,0.0
gfx950,256,3904,1536,128,torch.float8_e4m3fn,flydsl,1295,0,7.1422,flydsl_bpreshuflle_32x256x128_F8_F8_B16_1x0x0x1_default,214.94,1776.68,0.0
gfx950,256,3904,1536,1536,torch.float8_e4m3fn,flydsl,725,0,15.8481,flydsl_bpreshuflle_128x192x128_F8_F8_B16_1x2x4x2_default,1162.37,1284.0,0.0
gfx950,256,3904,1536,7168,torch.float8_e4m3fn,flydsl,235,0,50.5467,flydsl_bpreshuflle_128x192x128_F8_F8_B16_1x0x4x2_default,1700.73,1008.71,0.0
gfx950,256,3904,2048,512,torch.float8_e4m3fn,flydsl,603,0,10.4391,flydsl_bpreshuflle_128x128x128_F8_F8_B16_0x2x4x2_default,784.29,1823.74,0.0
gfx950,256,3904,2176,7168,torch.float8_e4m3fn,flydsl,1000026,0,68.455,flydsl_bpreshuffle_8w_256x256x128_F8_F8_B16_1x8,1779.06,884.84,0.0
gfx950,256,3904,2304,1536,torch.float8_e4m3fn,flydsl,1385,0,21.4894,flydsl_bpreshuflle_112x192x256_F8_F8_B16_1x0x4x1_default,1285.85,1280.87,0.0
gfx950,256,3904,3072,512,torch.float8_e4m3fn,flydsl,725,0,13.535,flydsl_bpreshuflle_128x192x128_F8_F8_B16_1x2x4x2_default,907.35,2036.05,0.0
gfx950,256,3904,3584,7168,torch.float8_e4m3fn,flydsl,1000035,0,86.1088,flydsl_bpreshuffle_8w_256x256x128_F8_F8_B16_4x8,2329.48,948.31,0.0
gfx950,256,3904,6400,7168,torch.float8_e4m3fn,flydsl,1000034,0,154.3165,flydsl_bpreshuffle_8w_256x256x128_F8_F8_B16_4x4,2321.16,802.44,0.0
gfx950,256,3904,7168,768,torch.float8_e4m3fn,flydsl,1739,0,35.1938,flydsl_bpreshuflle_64x256x128_F8_F8_B16_0x2x4x1_default,1221.33,1831.89,0.0
gfx950,256,3904,7168,1024,torch.float8_e4m3fn,flydsl,732,0,40.0834,flydsl_bpreshuflle_224x128x128_F8_F8_B16_1x2x4x2_default,1429.79,1679.14,0.0
gfx950,256,3904,7168,1536,torch.float8_e4m3fn,flydsl,1000034,0,53.4883,flydsl_bpreshuffle_8w_256x256x128_F8_F8_B16_4x4,1607.2,1364.3,0.0
gfx950,256,3904,7168,1792,torch.float8_e4m3fn,flydsl,1000031,0,57.14,flydsl_bpreshuffle_8w_256x256x128_F8_F8_B16_3x4,1755.24,1326.72,0.0
gfx950,256,3904,7168,4224,torch.float8_e4m3fn,flydsl,1000035,0,105.0991,flydsl_bpreshuffle_8w_256x256x128_F8_F8_B16_4x8,2249.38,977.51,0.0
gfx950,256,3904,8448,7168,torch.float8_e4m3fn,flydsl,1000035,0,214.2292,flydsl_bpreshuffle_8w_256x256x128_F8_F8_B16_4x8,2207.05,721.2,0.0
gfx950,256,3968,576,7168,torch.float8_e4m3fn,flydsl,658,0,31.8348,flydsl_bpreshuflle_112x128x256_F8_F8_B16_1x2x0x2_default,1029.25,1166.73,0.0
gfx950,256,3968,1536,128,torch.float8_e4m3fn,flydsl,1543,0,7.1236,flydsl_bpreshuflle_32x256x128_F8_F8_B16_1x1x0x1_default,219.03,1810.07,0.0
gfx950,256,3968,1536,1536,torch.float8_e4m3fn,flydsl,483,0,15.2642,flydsl_bpreshuflle_128x192x128_F8_F8_B16_1x1x4x2_default,1226.62,1352.44,0.0
gfx950,256,3968,1536,7168,torch.float8_e4m3fn,ck,149,0,51.1223,a8w8_bpreshuffle_256x128x192x256_16x16_16x16_16x16x1_16x16x1_1x32x1x8_8x8x1_2x1_intrawave_v3,1709.15,1010.17,0.0
gfx950,256,3968,2048,512,torch.float8_e4m3fn,flydsl,723,0,10.6352,flydsl_bpreshuflle_128x128x128_F8_F8_B16_1x2x4x2_default,782.45,1817.84,0.0
gfx950,256,3968,2176,7168,torch.float8_e4m3fn,flydsl,1875,0,69.8471,flydsl_bpreshuflle_112x192x256_F8_F8_B16_1x2x4x1_default,1772.19,877.76,0.0
gfx950,256,3968,2304,1536,torch.float8_e4m3fn,flydsl,702,0,21.4265,flydsl_bpreshuflle_64x192x256_F8_F8_B16_1x2x4x2_default,1310.76,1302.98,0.0
gfx950,256,3968,3072,512,torch.float8_e4m3fn,flydsl,235,0,13.6146,flydsl_bpreshuflle_128x192x128_F8_F8_B16_1x0x4x2_default,916.83,2055.43,0.0
gfx950,256,3968,3584,7168,torch.float8_e4m3fn,flydsl,1000026,0,87.0834,flydsl_bpreshuffle_8w_256x256x128_F8_F8_B16_1x8,2341.17,948.23,0.0
gfx950,256,3968,6400,7168,torch.float8_e4m3fn,flydsl,1000025,0,156.469,flydsl_bpreshuffle_8w_256x256x128_F8_F8_B16_1x4,2326.76,799.57,0.0
gfx950,256,3968,7168,768,torch.float8_e4m3fn,flydsl,723,0,33.7225,flydsl_bpreshuflle_128x128x128_F8_F8_B16_1x2x4x2_default,1295.51,1940.48,0.0
gfx950,256,3968,7168,1024,torch.float8_e4m3fn,flydsl,951,0,39.8338,flydsl_bpreshuflle_128x128x128_F8_F8_B16_1x3x4x2_default,1462.34,1714.34,0.0
gfx950,256,3968,7168,1536,torch.float8_e4m3fn,flydsl,1000035,0,53.826,flydsl_bpreshuffle_8w_256x256x128_F8_F8_B16_4x8,1623.3,1374.62,0.0
gfx950,256,3968,7168,1792,torch.float8_e4m3fn,flydsl,1000028,0,58.2408,flydsl_bpreshuffle_8w_256x256x128_F8_F8_B16_2x4,1750.29,1319.37,0.0
gfx950,256,3968,7168,4224,torch.float8_e4m3fn,flydsl,1000026,0,106.1401,flydsl_bpreshuffle_8w_256x256x128_F8_F8_B16_1x8,2263.83,979.12,0.0
gfx950,256,3968,8448,7168,torch.float8_e4m3fn,flydsl,1207,0,211.8748,flydsl_bpreshuflle_128x256x128_F8_F8_B16_0x0x0x1_default,2268.16,736.48,0.0
gfx950,256,4032,576,7168,torch.float8_e4m3fn,flydsl,515,0,30.2343,flydsl_bpreshuflle_48x192x256_F8_F8_B16_0x2x0x2_default,1101.21,1246.1,0.0
gfx950,256,4032,1536,128,torch.float8_e4m3fn,flydsl,1563,0,7.0905,flydsl_bpreshuflle_96x128x128_F8_F8_B16_1x1x0x1_default,223.6,1847.4,0.0
gfx950,256,4032,1536,1536,torch.float8_e4m3fn,flydsl,1098,0,15.5657,flydsl_bpreshuflle_112x128x256_F8_F8_B16_1x4x0x2_default,1222.26,1345.19,0.0
gfx950,256,4032,1536,7168,torch.float8_e4m3fn,flydsl,235,0,50.2971,flydsl_bpreshuflle_128x192x128_F8_F8_B16_1x0x4x2_default,1765.21,1039.78,0.0
gfx950,256,4032,2048,512,torch.float8_e4m3fn,flydsl,603,0,10.6918,flydsl_bpreshuflle_128x128x128_F8_F8_B16_0x2x4x2_default,790.86,1835.8,0.0
gfx950,256,4032,2176,7168,torch.float8_e4m3fn,flydsl,1385,0,69.8889,flydsl_bpreshuflle_112x192x256_F8_F8_B16_1x0x4x1_default,1799.7,887.78,0.0
gfx950,256,4032,2304,1536,torch.float8_e4m3fn,flydsl,1380,0,20.0764,flydsl_bpreshuflle_96x192x256_F8_F8_B16_1x0x4x1_default,1421.47,1410.19,0.0
gfx950,256,4032,3072,512,torch.float8_e4m3fn,flydsl,287,0,13.7249,flydsl_bpreshuflle_96x256x128_F8_F8_B16_0x1x0x2_default,924.13,2069.95,0.0
gfx950,256,4032,3584,7168,torch.float8_e4m3fn,flydsl,1000031,0,87.1623,flydsl_bpreshuffle_8w_256x256x128_F8_F8_B16_3x4,2376.77,957.9,0.0
gfx950,256,4032,6400,7168,torch.float8_e4m3fn,flydsl,1000028,0,155.5083,flydsl_bpreshuffle_8w_256x256x128_F8_F8_B16_2x4,2378.89,812.73,0.0
gfx950,256,4032,7168,768,torch.float8_e4m3fn,flydsl,225,0,32.5485,flydsl_bpreshuflle_96x256x128_F8_F8_B16_1x0x4x2_default,1363.89,2040.17,0.0
gfx950,256,4032,7168,1024,torch.float8_e4m3fn,flydsl,1752,0,39.5092,flydsl_bpreshuflle_96x256x256_F8_F8_B16_0x2x4x1_default,1498.13,1753.3,0.0
gfx950,256,4032,7168,1536,torch.float8_e4m3fn,flydsl,727,0,54.6143,flydsl_bpreshuflle_128x256x128_F8_F8_B16_1x2x4x2_default,1625.67,1373.38,0.0
gfx950,256,4032,7168,1792,torch.float8_e4m3fn,flydsl,1000031,0,59.9164,flydsl_bpreshuffle_8w_256x256x128_F8_F8_B16_3x4,1728.78,1299.7,0.0
gfx950,256,4032,7168,4224,torch.float8_e4m3fn,flydsl,1000025,0,106.882,flydsl_bpreshuffle_8w_256x256x128_F8_F8_B16_1x4,2284.38,983.44,0.0
gfx950,256,4032,8448,7168,torch.float8_e4m3fn,ck,158,0,206.0491,a8w8_bpreshuffle_256x192x256x128_16x16_16x16_8x32x1_8x32x1_1x16x1x16_8x8x1_1x2_intrawave_v3,2369.91,764.78,0.0
gfx950,256,4224,7168,1536,torch.float8_e4m3fn,flydsl,715,0,55.3251,flydsl_bpreshuflle_96x256x128_F8_F8_B16_1x2x4x2_default,1681.21,1410.81,0.0
gfx950,256,4480,7168,1536,torch.float8_e4m3fn,flydsl,1000028,0,55.9139,flydsl_bpreshuffle_8w_256x256x128_F8_F8_B16_2x4,1764.32,1468.63,0.0
gfx950,256,4608,7168,1536,torch.float8_e4m3fn,flydsl,1000026,0,56.9623,flydsl_bpreshuffle_8w_256x256x128_F8_F8_B16_1x8,1781.33,1477.26,0.0
gfx950,256,4736,7168,1536,torch.float8_e4m3fn,flydsl,233,0,67.434,flydsl_bpreshuflle_128x128x128_F8_F8_B16_1x0x4x2_default,1546.51,1277.99,0.0
gfx950,256,4992,7168,1536,torch.float8_e4m3fn,flydsl,176,0,65.1172,flydsl_bpreshuflle_160x192x128_F8_F8_B16_1x0x0x2_default,1688.1,1385.86,0.0
gfx950,256,5888,7168,1536,torch.float8_e4m3fn,flydsl,1000025,0,76.2839,flydsl_bpreshuffle_8w_256x256x128_F8_F8_B16_1x4,1699.63,1369.42,0.0
gfx950,256,6016,7168,1536,torch.float8_e4m3fn,flydsl,1000028,0,76.5503,flydsl_bpreshuffle_8w_256x256x128_F8_F8_B16_2x4,1730.53,1391.19,0.0
gfx950,256,6272,7168,1536,torch.float8_e4m3fn,flydsl,1000032,0,78.1383,flydsl_bpreshuffle_8w_256x256x128_F8_F8_B16_3x8,1767.51,1414.92,0.0
gfx950,256,6528,7168,1536,torch.float8_e4m3fn,flydsl,1000034,0,80.602,flydsl_bpreshuffle_8w_256x256x128_F8_F8_B16_4x4,1783.42,1422.08,0.0
gfx950,256,6784,7168,1536,torch.float8_e4m3fn,flydsl,1000035,0,81.4951,flydsl_bpreshuffle_8w_256x256x128_F8_F8_B16_4x8,1833.05,1456.35,0.0
gfx950,256,6912,7168,1536,torch.float8_e4m3fn,flydsl,1000032,0,80.3336,flydsl_bpreshuffle_8w_256x256x128_F8_F8_B16_3x8,1894.64,1502.7,0.0
gfx950,256,7040,7168,1536,torch.float8_e4m3fn,flydsl,481,0,91.3642,flydsl_bpreshuflle_128x128x128_F8_F8_B16_1x1x4x2_default,1696.74,1343.51,0.0
gfx950,256,7296,7168,1536,torch.float8_e4m3fn,flydsl,225,0,91.5264,flydsl_bpreshuflle_96x256x128_F8_F8_B16_1x0x4x2_default,1755.33,1385.53,0.0
gfx950,256,8064,7168,1536,torch.float8_e4m3fn,flydsl,473,0,98.8112,flydsl_bpreshuflle_96x256x128_F8_F8_B16_1x1x4x2_default,1797.06,1406.74,0.0
gfx950,256,8320,7168,1536,torch.float8_e4m3fn,flydsl,1000034,0,102.2337,flydsl_bpreshuffle_8w_256x256x128_F8_F8_B16_4x4,1792.04,1399.39,0.0
gfx950,256,8448,7168,1536,torch.float8_e4m3fn,flydsl,473,0,100.5872,flydsl_bpreshuflle_96x256x128_F8_F8_B16_1x1x4x2_default,1849.4,1442.5,0.0
gfx950,256,8576,7168,1536,torch.float8_e4m3fn,flydsl,1000026,0,102.1192,flydsl_bpreshuffle_8w_256x256x128_F8_F8_B16_1x8,1849.25,1440.75,0.0
gfx950,256,8832,7168,1536,torch.float8_e4m3fn,flydsl,1000025,0,104.8173,flydsl_bpreshuffle_8w_256x256x128_F8_F8_B16_1x4,1855.43,1442.43,0.0
gfx950,256,9088,7168,1536,torch.float8_e4m3fn,flydsl,1000028,0,103.6849,flydsl_bpreshuffle_8w_256x256x128_F8_F8_B16_2x4,1930.07,1497.37,0.0
gfx950,256,9600,7168,1536,torch.float8_e4m3fn,flydsl,225,0,110.0693,flydsl_bpreshuflle_96x256x128_F8_F8_B16_1x0x4x2_default,1920.54,1484.35,0.0
gfx950,256,9856,7168,1536,torch.float8_e4m3fn,flydsl,958,0,117.6672,flydsl_bpreshuflle_224x128x128_F8_F8_B16_1x3x4x2_default,1844.44,1423.03,0.0
gfx950,256,10112,7168,1536,torch.float8_e4m3fn,flydsl,1000026,0,122.004,flydsl_bpreshuffle_8w_256x256x128_F8_F8_B16_1x8,1825.08,1405.75,0.0
gfx950,256,10368,7168,1536,torch.float8_e4m3fn,flydsl,715,0,120.2462,flydsl_bpreshuflle_96x256x128_F8_F8_B16_1x2x4x2_default,1898.64,1460.1,0.0
gfx950,256,10624,7168,1536,torch.float8_e4m3fn,flydsl,1000028,0,124.0468,flydsl_bpreshuffle_8w_256x256x128_F8_F8_B16_2x4,1885.91,1448.12,0.0
gfx950,256,10880,7168,1536,torch.float8_e4m3fn,flydsl,1000026,0,127.1958,flydsl_bpreshuffle_8w_256x256x128_F8_F8_B16_1x8,1883.54,1444.21,0.0
gfx950,256,11136,7168,1536,torch.float8_e4m3fn,flydsl,1000025,0,126.9936,flydsl_bpreshuffle_8w_256x256x128_F8_F8_B16_1x4,1930.93,1478.5,0.0
gfx950,256,11392,7168,1536,torch.float8_e4m3fn,flydsl,1000029,0,125.7479,flydsl_bpreshuffle_8w_256x256x128_F8_F8_B16_2x8,1994.89,1525.46,0.0
gfx950,256,11904,7168,1536,torch.float8_e4m3fn,flydsl,473,0,137.8603,flydsl_bpreshuflle_96x256x128_F8_F8_B16_1x1x4x2_default,1901.4,1450.38,0.0
gfx950,256,12672,7168,1536,torch.float8_e4m3fn,flydsl,225,0,145.9098,flydsl_bpreshuflle_96x256x128_F8_F8_B16_1x0x4x2_default,1912.41,1453.91,0.0
gfx950,256,12928,7168,1536,torch.float8_e4m3fn,flydsl,1000032,0,146.7038,flydsl_bpreshuffle_8w_256x256x128_F8_F8_B16_3x8,1940.48,1473.74,0.0
gfx950,256,13184,7168,1536,torch.float8_e4m3fn,flydsl,1000032,0,147.8844,flydsl_bpreshuffle_8w_256x256x128_F8_F8_B16_3x8,1963.11,1489.45,0.0
gfx950,256,13440,7168,1536,torch.float8_e4m3fn,flydsl,1000035,0,149.7022,flydsl_bpreshuffle_8w_256x256x128_F8_F8_B16_4x8,1976.93,1498.51,0.0
gfx950,256,13696,7168,1536,torch.float8_e4m3fn,flydsl,1000026,0,150.0977,flydsl_bpreshuffle_8w_256x256x128_F8_F8_B16_1x8,2009.27,1521.63,0.0
gfx950,256,14208,7168,1536,torch.float8_e4m3fn,flydsl,225,0,158.7311,flydsl_bpreshuflle_96x256x128_F8_F8_B16_1x0x4x2_default,1971.02,1490.06,0.0
gfx950,256,14464,7168,1536,torch.float8_e4m3fn,flydsl,1000029,0,165.2582,flydsl_bpreshuffle_8w_256x256x128_F8_F8_B16_2x8,1927.28,1455.8,0.0
gfx950,256,14720,7168,1536,torch.float8_e4m3fn,flydsl,1000029,0,167.4458,flydsl_bpreshuffle_8w_256x256x128_F8_F8_B16_2x8,1935.77,1461.05,0.0
gfx950,256,14976,7168,1536,torch.float8_e4m3fn,flydsl,715,0,166.5251,flydsl_bpreshuflle_96x256x128_F8_F8_B16_1x2x4x2_default,1980.32,1493.52,0.0
gfx950,256,15232,7168,1536,torch.float8_e4m3fn,flydsl,1000025,0,171.2763,flydsl_bpreshuffle_8w_256x256x128_F8_F8_B16_1x4,1958.3,1475.82,0.0002
gfx950,256,15488,7168,1536,torch.float8_e4m3fn,flydsl,1000034,0,174.6294,flydsl_bpreshuffle_8w_256x256x128_F8_F8_B16_4x4,1952.98,1470.75,0.0
gfx950,256,15744,7168,1536,torch.float8_e4m3fn,flydsl,473,0,172.9698,flydsl_bpreshuflle_96x256x128_F8_F8_B16_1x1x4x2_default,2004.31,1508.35,0.0
gfx950,256,16000,7168,1536,torch.float8_e4m3fn,flydsl,1000034,0,175.6231,flydsl_bpreshuffle_8w_256x256x128_F8_F8_B16_4x4,2006.12,1508.7,0.0
gfx950,256,16256,7168,1536,torch.float8_e4m3fn,flydsl,1000031,0,184.4351,flydsl_bpreshuffle_8w_256x256x128_F8_F8_B16_3x4,1940.84,1458.64,0.0
