gfx,cu_num,M,N,K,bias,dtype,outdtype,scaleAB,bpreshuffle,libtype,solidx,splitK,us,kernelName,err_ratio,tflops,bw
gfx950,256,1,1536,7168,False,torch.bfloat16,torch.bfloat16,False,False,flydsl,543,7,7.4267,flydsl_hgemm_abf16_wbf16_bf16_t16x64x128x4_ks7_w1x2x1_bias0_ktail0_gm0_pft_gfx950,0.0215,2.96,2967.33
gfx950,256,2,1536,7168,False,torch.bfloat16,torch.bfloat16,False,False,flydsl,807,7,7.4963,flydsl_hgemm_abf16_wbf16_bf16_t16x64x64x9_ks7_w1x2x1_bias0_ktail0_gm0_pft_gfx950,0.0192,5.87,2942.11
gfx950,256,4,1536,7168,False,torch.bfloat16,torch.bfloat16,False,False,flydsl,543,7,7.5227,flydsl_hgemm_abf16_wbf16_bf16_t16x64x128x4_ks7_w1x2x1_bias0_ktail0_gm0_pft_gfx950,0.0186,11.71,2936.41
gfx950,256,8,1536,7168,False,torch.bfloat16,torch.bfloat16,False,False,flydsl,287,4,7.6104,flydsl_hgemm_abf16_wbf16_bf16_t16x32x128x8_ks4_w1x2x1_bias0_ktail0_gm0_pft_gfx950,0.012,23.15,2911.72
gfx950,256,16,1536,7168,False,torch.bfloat16,torch.bfloat16,False,False,flydsl,550,8,8.0697,flydsl_hgemm_abf16_wbf16_bf16_t16x64x128x4_ks8_w1x4x1_bias0_ktail0_gm0_pft_gfx950,0.0216,43.66,2763.25
gfx950,256,32,1536,7168,False,torch.bfloat16,torch.bfloat16,False,False,flydsl,2499,8,8.9064,flydsl_hgemm_abf16_wbf16_bf16_t32x64x64x7_ks8_w2x2x1_bias0_ktail0_gm0_pft_gfx950,0.0221,79.12,2534.94
gfx950,256,64,1536,7168,False,torch.bfloat16,torch.bfloat16,False,False,flydsl,4897,8,10.7978,flydsl_hgemm_abf16_wbf16_bf16_t64x64x64x6_ks8_w4x2x1_bias0_ktail0_gm0_pft_gfx950,0.0211,130.52,2142.49
gfx950,256,128,1536,7168,False,torch.bfloat16,torch.bfloat16,False,False,flydsl,4984,4,14.3023,flydsl_hgemm_abf16_wbf16_bf16_t64x64x64x6_ks4_w4x2x1_bias0_ktail0_gm0_pft_gfx950,0.0139,197.07,1695.41
gfx950,256,256,1536,7168,False,torch.bfloat16,torch.bfloat16,False,False,flydsl,4207,4,19.2568,flydsl_hgemm_abf16_wbf16_bf16_t64x96x128x3_ks4_w2x2x2_bias0_ktail0_gm0_pft_gfx950,0.0217,292.74,1374.92
gfx950,256,512,1536,7168,False,torch.bfloat16,torch.bfloat16,False,False,torch,0,0,27.8128,native,0.0,405.36,1112.19
gfx950,256,1024,1536,7168,False,torch.bfloat16,torch.bfloat16,False,False,flydsl,2092,1,39.7309,flydsl_hgemm_abf16_wbf16_bf16_t64x96x128x4_ks1_w2x2x2_bias0_ktail0_gm4_pft_gfx950,0.0061,567.53,1002.89
gfx950,256,1,2304,1536,False,torch.bfloat16,torch.bfloat16,False,False,flydsl,118,1,4.9926,flydsl_hgemm_abf16_wbf16_bf16_t16x16x128x8_ks1_w1x1x2_bias0_ktail0_gm0_pft_gfx950,0.0022,1.42,1419.21
gfx950,256,2,2304,1536,False,torch.bfloat16,torch.bfloat16,False,False,triton,0,0,4.9891,auto,0.0,2.84,1421.75
gfx950,256,4,2304,1536,False,torch.bfloat16,torch.bfloat16,False,False,flydsl,133,1,5.0147,flydsl_hgemm_abf16_wbf16_bf16_t16x16x256x5_ks1_w1x1x2_bias0_ktail0_gm0_pft_gfx950,0.0034,5.65,1417.55
gfx950,256,8,2304,1536,False,torch.bfloat16,torch.bfloat16,False,False,flydsl,117,1,5.1379,flydsl_hgemm_abf16_wbf16_bf16_t16x16x128x8_ks1_w1x1x1_bias0_ktail0_gm0_pft_gfx950,0.0,11.02,1389.54
gfx950,256,16,2304,1536,False,torch.bfloat16,torch.bfloat16,False,False,triton,0,0,5.1983,auto,0.0,21.79,1385.22
gfx950,256,32,2304,1536,False,torch.bfloat16,torch.bfloat16,False,False,flydsl,222,1,5.8375,flydsl_hgemm_abf16_wbf16_bf16_t16x32x128x5_ks1_w1x2x1_bias0_ktail0_gm0_pft_gfx950,0.0,38.8,1254.59
gfx950,256,64,2304,1536,False,torch.bfloat16,torch.bfloat16,False,False,flydsl,207,1,6.4991,flydsl_hgemm_abf16_wbf16_bf16_t16x32x128x5_ks1_w1x1x2_bias0_ktail0_gm0_pft_gfx950,0.003,69.7,1164.69
gfx950,256,128,2304,1536,False,torch.bfloat16,torch.bfloat16,False,False,flydsl,2095,1,7.2671,flydsl_hgemm_abf16_wbf16_bf16_t32x32x64x8_ks1_w1x2x1_bias0_ktail0_gm0_pft_gfx950,0.0,124.67,1109.24
gfx950,256,256,2304,1536,False,torch.bfloat16,torch.bfloat16,False,False,flydsl,2472,1,8.9719,flydsl_hgemm_abf16_wbf16_bf16_t48x64x128x4_ks1_w1x4x1_bias0_ktail0_gm0_pft_gfx950,0.0,201.96,1008.03
gfx950,256,512,2304,1536,False,torch.bfloat16,torch.bfloat16,False,False,flydsl,2951,1,11.8115,flydsl_hgemm_abf16_wbf16_bf16_t96x64x64x4_ks1_w2x2x1_bias0_ktail0_gm0_pft_gfx950,0.0,306.81,932.15
gfx950,256,1024,2304,1536,False,torch.bfloat16,torch.bfloat16,False,False,torch,0,0,16.7557,native,0.0,432.55,891.77
gfx950,256,1,3072,512,False,torch.bfloat16,torch.bfloat16,False,False,flydsl,48,1,3.519,flydsl_hgemm_abf16_wbf16_bf16_t16x16x128x5_ks1_w1x1x1_bias0_ktail0_gm0_pft_gfx950,0.0,0.89,895.96
gfx950,256,2,3072,512,False,torch.bfloat16,torch.bfloat16,False,False,flydsl,53,1,3.6314,flydsl_hgemm_abf16_wbf16_bf16_t16x16x256x3_ks1_w1x1x1_bias0_ktail0_gm0_pft_gfx950,0.0,1.73,870.21
gfx950,256,4,3072,512,False,torch.bfloat16,torch.bfloat16,False,False,flydsl,73,1,3.7038,flydsl_hgemm_abf16_wbf16_bf16_t16x16x64x9_ks1_w1x1x1_bias0_ktail0_gm0_pft_gfx950,0.0,3.4,857.07
gfx950,256,8,3072,512,False,torch.bfloat16,torch.bfloat16,False,False,flydsl,152,1,3.7886,flydsl_hgemm_abf16_wbf16_bf16_t16x32x64x8_ks1_w1x2x1_bias0_ktail0_gm0_pft_gfx950,0.0,6.64,845.45
gfx950,256,16,3072,512,False,torch.bfloat16,torch.bfloat16,False,False,triton,0,0,3.6854,auto,0.0,13.66,884.68
gfx950,256,32,3072,512,False,torch.bfloat16,torch.bfloat16,False,False,flydsl,114,1,4.0263,flydsl_hgemm_abf16_wbf16_bf16_t16x32x128x4_ks1_w1x1x2_bias0_ktail0_gm0_pft_gfx950,0.0012,25.0,838.26
gfx950,256,64,3072,512,False,torch.bfloat16,torch.bfloat16,False,False,flydsl,673,1,4.1149,flydsl_hgemm_abf16_wbf16_bf16_t32x32x64x8_ks1_w1x2x1_bias0_ktail0_gm0_pft_gfx950,0.0,48.93,875.96
gfx950,256,128,3072,512,False,torch.bfloat16,torch.bfloat16,False,False,flydsl,1337,1,4.5885,flydsl_hgemm_abf16_wbf16_bf16_t32x64x64x6_ks1_w2x2x1_bias0_ktail0_gm0_pft_gfx950,0.0,87.75,885.53
gfx950,256,256,3072,512,False,torch.bfloat16,torch.bfloat16,False,False,flydsl,2427,1,5.4879,flydsl_hgemm_abf16_wbf16_bf16_t64x64x64x6_ks1_w4x2x1_bias0_ktail0_gm0_pft_gfx950,0.0,146.74,907.59
gfx950,256,512,3072,512,False,torch.bfloat16,torch.bfloat16,False,False,flydsl,2017,1,6.8583,flydsl_hgemm_abf16_wbf16_bf16_t64x96x64x4_ks1_w2x2x1_bias0_ktail0_gm0_pft_gfx950,0.0,234.84,993.79
gfx950,256,1024,3072,512,False,torch.bfloat16,torch.bfloat16,False,False,flydsl,328,1,9.1527,flydsl_hgemm_abf16_wbf16_bf16_t128x96x64x4_ks1_w2x2x1_bias0_ktail0_gm0_pft_gfx950,0.0,351.94,1145.65
gfx950,256,1,4480,7168,False,torch.bfloat16,torch.bfloat16,False,False,flydsl,39,7,13.83,flydsl_hgemm_abf16_wbf16_bf16_t16x128x128x4_ks7_w1x2x1_bias0_ktail0_gm0_pft_gfx950,0.0188,4.64,4645.59
gfx950,256,2,4480,7168,False,torch.bfloat16,torch.bfloat16,False,False,flydsl,442,7,13.8924,flydsl_hgemm_abf16_wbf16_bf16_t16x64x128x4_ks7_w1x2x2_bias0_ktail0_gm0_pft_gfx950,0.0243,9.25,4626.41
gfx950,256,4,4480,7168,False,torch.bfloat16,torch.bfloat16,False,False,flydsl,25,7,13.982,flydsl_hgemm_abf16_wbf16_bf16_t16x128x128x3_ks7_w1x2x2_bias0_ktail0_gm0_pft_gfx950,0.0263,18.37,4600.09
gfx950,256,8,4480,7168,False,torch.bfloat16,torch.bfloat16,False,False,flydsl,41,7,14.1873,flydsl_hgemm_abf16_wbf16_bf16_t16x128x128x4_ks7_w1x4x1_bias0_ktail0_gm0_pft_gfx950,0.0184,36.22,4540.09
gfx950,256,16,4480,7168,False,torch.bfloat16,torch.bfloat16,False,False,flydsl,774,4,14.7771,flydsl_hgemm_abf16_wbf16_bf16_t16x96x64x8_ks4_w1x2x1_bias0_ktail0_gm0_pft_gfx950,0.0136,69.54,4371.49
gfx950,256,32,4480,7168,False,torch.bfloat16,torch.bfloat16,False,False,flydsl,2138,4,16.0124,flydsl_hgemm_abf16_wbf16_bf16_t32x96x128x3_ks4_w2x2x1_bias0_ktail0_gm0_pft_gfx950,0.0134,128.35,4057.53
gfx950,256,48,4480,7168,False,torch.bfloat16,torch.bfloat16,False,False,flydsl,2200,4,17.7356,flydsl_hgemm_abf16_wbf16_bf16_t48x96x128x3_ks4_w1x2x1_bias0_ktail0_gm0_pft_gfx950,0.014,173.82,3684.31
gfx950,256,64,4480,7168,False,torch.bfloat16,torch.bfloat16,False,False,flydsl,4104,4,19.2784,flydsl_hgemm_abf16_wbf16_bf16_t64x96x64x6_ks4_w2x2x1_bias0_ktail0_gm0_pft_gfx950,0.0137,213.21,3408.8
gfx950,256,80,4480,7168,False,torch.bfloat16,torch.bfloat16,False,False,flydsl,3909,4,21.308,flydsl_hgemm_abf16_wbf16_bf16_t96x96x64x4_ks4_w2x2x1_bias0_ktail0_gm0_pft_gfx950,0.0138,241.13,3101.6
gfx950,256,96,4480,7168,False,torch.bfloat16,torch.bfloat16,False,False,flydsl,4249,4,22.8127,flydsl_hgemm_abf16_wbf16_bf16_t96x96x64x4_ks4_w2x2x1_bias0_ktail0_gm0_pft_gfx950,0.0139,270.27,2913.36
gfx950,256,112,4480,7168,False,torch.bfloat16,torch.bfloat16,False,False,flydsl,760,4,25.5402,flydsl_hgemm_abf16_wbf16_bf16_t128x96x64x4_ks4_w2x2x1_bias0_ktail0_gm0_pft_gfx950,0.0138,281.64,2616.83
gfx950,256,128,4480,7168,False,torch.bfloat16,torch.bfloat16,False,False,flydsl,760,4,26.6643,flydsl_hgemm_abf16_wbf16_bf16_t128x96x64x4_ks4_w2x2x1_bias0_ktail0_gm0_pft_gfx950,0.0138,308.31,2520.49
gfx950,256,160,4480,7168,False,torch.bfloat16,torch.bfloat16,False,False,flydsl,2859,2,30.9218,flydsl_hgemm_abf16_wbf16_bf16_t96x96x64x5_ks2_w2x2x1_bias0_ktail0_gm0_pft_gfx950,0.0061,332.32,2197.56
gfx950,256,192,4480,7168,False,torch.bfloat16,torch.bfloat16,False,False,flydsl,3106,2,33.8602,flydsl_hgemm_abf16_wbf16_bf16_t96x96x64x5_ks2_w2x2x1_bias0_ktail0_gm0_pft_gfx950,0.0061,364.18,2028.87
gfx950,256,1,6016,7168,False,torch.bfloat16,torch.bfloat16,False,False,flydsl,251,1,16.363,flydsl_hgemm_abf16_wbf16_bf16_t16x32x256x4_ks1_w1x1x2_bias0_ktail0_gm0_pft_gfx950,0.0053,5.27,5272.37
gfx950,256,2,6016,7168,False,torch.bfloat16,torch.bfloat16,False,False,flydsl,207,1,16.3068,flydsl_hgemm_abf16_wbf16_bf16_t16x32x128x5_ks1_w1x2x1_bias0_ktail0_gm0_pft_gfx950,0.0,10.58,5292.15
gfx950,256,4,6016,7168,False,torch.bfloat16,torch.bfloat16,False,False,flydsl,226,1,16.1489,flydsl_hgemm_abf16_wbf16_bf16_t16x32x128x7_ks1_w1x2x1_bias0_ktail0_gm0_pft_gfx950,0.0,21.36,5347.17
gfx950,256,7,6016,7168,False,torch.bfloat16,torch.float32,False,False,hipblaslt,443486,0,17.385,,0.0,34.73,4976.37
gfx950,256,8,6016,7168,False,torch.bfloat16,torch.bfloat16,False,False,flydsl,256,1,16.6913,flydsl_hgemm_abf16_wbf16_bf16_t16x32x256x4_ks1_w1x1x2_bias0_ktail0_gm0_pft_gfx950,0.0054,41.34,5179.72
gfx950,256,14,6016,7168,False,torch.bfloat16,torch.float32,False,False,hipblaslt,443935,0,17.336,,0.0,69.65,5005.94
gfx950,256,16,6016,7168,False,torch.bfloat16,torch.bfloat16,False,False,flydsl,257,1,17.7605,flydsl_hgemm_abf16_wbf16_bf16_t16x32x256x4_ks1_w1x2x1_bias0_ktail0_gm0_pft_gfx950,0.0,77.7,4879.78
gfx950,256,16,6016,7168,False,torch.bfloat16,torch.float32,False,False,hipblaslt,443486,0,19.279,,0.0,71.58,4505.50
gfx950,256,32,6016,7168,False,torch.bfloat16,torch.bfloat16,False,False,flydsl,1755,4,19.1205,flydsl_hgemm_abf16_wbf16_bf16_t32x96x64x5_ks4_w2x2x1_bias0_ktail0_gm0_pft_gfx950,0.0133,144.34,4554.75
gfx950,256,48,6016,7168,False,torch.bfloat16,torch.bfloat16,False,False,flydsl,3277,4,20.9374,flydsl_hgemm_abf16_wbf16_bf16_t64x96x64x7_ks4_w2x2x1_bias0_ktail0_gm0_pft_gfx950,0.0136,197.72,4179.65
gfx950,256,64,6016,7168,False,torch.bfloat16,torch.bfloat16,False,False,flydsl,3289,4,22.3822,flydsl_hgemm_abf16_wbf16_bf16_t64x96x64x5_ks4_w2x2x1_bias0_ktail0_gm0_pft_gfx950,0.0137,246.61,3928.7
gfx950,256,80,6016,7168,False,torch.bfloat16,torch.bfloat16,False,False,flydsl,2919,4,24.3893,flydsl_hgemm_abf16_wbf16_bf16_t96x96x64x4_ks4_w2x2x1_bias0_ktail0_gm0_pft_gfx950,0.0138,282.9,3622.69
gfx950,256,96,6016,7168,False,torch.bfloat16,torch.bfloat16,False,False,flydsl,3111,4,26.1259,flydsl_hgemm_abf16_wbf16_bf16_t96x96x64x5_ks4_w2x2x1_bias0_ktail0_gm0_pft_gfx950,0.0138,316.91,3398.03
gfx950,256,112,6016,7168,False,torch.bfloat16,torch.bfloat16,False,False,flydsl,581,4,28.6974,flydsl_hgemm_abf16_wbf16_bf16_t128x96x64x4_ks4_w2x2x1_bias0_ktail0_gm0_pft_gfx950,0.0138,336.6,3108.25
gfx950,256,128,6016,7168,False,torch.bfloat16,torch.bfloat16,False,False,flydsl,581,4,30.4714,flydsl_hgemm_abf16_wbf16_bf16_t128x96x64x4_ks4_w2x2x1_bias0_ktail0_gm0_pft_gfx950,0.0139,362.29,2941.13
gfx950,256,192,6016,7168,False,torch.bfloat16,torch.bfloat16,False,False,flydsl,2014,2,37.5001,flydsl_hgemm_abf16_wbf16_bf16_t96x96x64x5_ks2_w2x2x1_bias0_ktail0_gm0_pft_gfx950,0.0062,441.58,2434.87
gfx950,256,512,6016,7168,False,torch.bfloat16,torch.float32,False,False,hipblaslt,443816,0,62.5159,,0.0,706.34,1595.53
gfx950,256,1024,6016,7168,False,torch.bfloat16,torch.float32,False,False,hipblaslt,443820,0,101.1473,,0.0,873.14,1119.62
gfx950,256,1536,6016,7168,False,torch.bfloat16,torch.float32,False,False,hipblaslt,443591,0,130.1916,,0.0,1017.52,973.54
gfx950,256,2048,6016,7168,False,torch.bfloat16,torch.float32,False,False,hipblaslt,443816,0,161.429,,0.0,1094.17,868.78
gfx950,256,1,6144,7168,False,torch.bfloat16,torch.bfloat16,False,False,flydsl,212,1,16.5598,flydsl_hgemm_abf16_wbf16_bf16_t16x32x128x5_ks1_w1x2x1_bias0_ktail0_gm0_pft_gfx950,0.0,5.32,5320.54
gfx950,256,2,6144,7168,False,torch.bfloat16,torch.bfloat16,False,False,flydsl,213,1,16.8879,flydsl_hgemm_abf16_wbf16_bf16_t16x32x128x5_ks1_w1x2x2_bias0_ktail0_gm0_pft_gfx950,0.005,10.43,5218.74
gfx950,256,4,6144,7168,False,torch.bfloat16,torch.bfloat16,False,False,flydsl,256,1,16.6837,flydsl_hgemm_abf16_wbf16_bf16_t16x32x256x4_ks1_w1x1x2_bias0_ktail0_gm0_pft_gfx950,0.0049,21.12,5285.81
gfx950,256,8,6144,7168,False,torch.bfloat16,torch.bfloat16,False,False,flydsl,232,1,16.8125,flydsl_hgemm_abf16_wbf16_bf16_t16x32x128x8_ks1_w1x2x1_bias0_ktail0_gm0_pft_gfx950,0.0,41.91,5251.65
gfx950,256,16,6144,7168,False,torch.bfloat16,torch.bfloat16,False,False,flydsl,257,1,17.9172,flydsl_hgemm_abf16_wbf16_bf16_t16x32x256x4_ks1_w1x2x1_bias0_ktail0_gm0_pft_gfx950,0.0,78.66,4939.74
gfx950,256,32,6144,7168,False,torch.bfloat16,torch.bfloat16,False,False,flydsl,1800,4,19.3609,flydsl_hgemm_abf16_wbf16_bf16_t32x96x64x8_ks4_w2x2x1_bias0_ktail0_gm0_pft_gfx950,0.0135,145.58,4593.4
gfx950,256,64,6144,7168,False,torch.bfloat16,torch.bfloat16,False,False,flydsl,3308,4,22.8683,flydsl_hgemm_abf16_wbf16_bf16_t64x96x64x6_ks4_w2x2x1_bias0_ktail0_gm0_pft_gfx950,0.0137,246.5,3926.15
gfx950,256,128,6144,7168,False,torch.bfloat16,torch.bfloat16,False,False,flydsl,2949,2,29.6587,flydsl_hgemm_abf16_wbf16_bf16_t64x96x128x3_ks2_w2x2x2_bias0_ktail0_gm0_pft_gfx950,0.0141,380.13,3084.7
gfx950,256,256,6144,7168,False,torch.bfloat16,torch.bfloat16,False,False,flydsl,2082,1,41.5624,flydsl_hgemm_abf16_wbf16_bf16_t64x96x128x3_ks1_w2x2x2_bias0_ktail0_gm4_pft_gfx950,0.006,542.52,2283.22
gfx950,256,512,6144,7168,False,torch.bfloat16,torch.bfloat16,False,False,flydsl,328,1,65.6318,flydsl_hgemm_abf16_wbf16_bf16_t128x96x64x4_ks1_w2x2x1_bias0_ktail0_gm0_pft_gfx950,0.0,687.12,1549.73
gfx950,256,1024,6144,7168,False,torch.bfloat16,torch.bfloat16,False,False,torch,0,0,96.5949,native,0.0,933.74,1194.09
gfx950,256,1,7168,768,False,torch.bfloat16,torch.bfloat16,False,False,flydsl,156,1,4.6093,flydsl_hgemm_abf16_wbf16_bf16_t16x32x128x5_ks1_w1x1x1_bias0_ktail0_gm0_pft_gfx950,0.0,2.39,2392.1
gfx950,256,1,7168,1536,False,torch.bfloat16,torch.bfloat16,False,False,flydsl,203,1,6.2186,flydsl_hgemm_abf16_wbf16_bf16_t16x32x128x4_ks1_w1x2x1_bias0_ktail0_gm0_pft_gfx950,0.0,3.54,3543.8
gfx950,256,1,7168,3584,False,torch.bfloat16,torch.bfloat16,False,False,flydsl,163,1,10.694,flydsl_hgemm_abf16_wbf16_bf16_t16x16x64x8_ks1_w1x1x1_bias0_ktail0_gm0_pft_gfx950,0.0,4.8,4806.6
gfx950,256,1,7168,4224,False,torch.bfloat16,torch.bfloat16,False,False,flydsl,135,1,12.413,flydsl_hgemm_abf16_wbf16_bf16_t16x32x128x5_ks1_w1x2x1_bias0_ktail0_gm0_pft_gfx950,0.0,4.88,4880.21
gfx950,256,2,7168,768,False,torch.bfloat16,torch.bfloat16,False,False,flydsl,233,1,4.5662,flydsl_hgemm_abf16_wbf16_bf16_t16x32x64x8_ks1_w1x2x1_bias0_ktail0_gm0_pft_gfx950,0.0,4.82,2418.16
gfx950,256,2,7168,1536,False,torch.bfloat16,torch.bfloat16,False,False,flydsl,330,1,6.1341,flydsl_hgemm_abf16_wbf16_bf16_t16x32x64x8_ks1_w1x2x1_bias0_ktail0_gm0_pft_gfx950,0.0,7.18,3595.46
gfx950,256,2,7168,3584,False,torch.bfloat16,torch.bfloat16,False,False,flydsl,236,1,10.6225,flydsl_hgemm_abf16_wbf16_bf16_t16x32x256x3_ks1_w1x2x1_bias0_ktail0_gm0_pft_gfx950,0.0,9.67,4840.97
gfx950,256,2,7168,4224,False,torch.bfloat16,torch.bfloat16,False,False,flydsl,155,1,12.249,flydsl_hgemm_abf16_wbf16_bf16_t16x32x128x8_ks1_w1x2x1_bias0_ktail0_gm0_pft_gfx950,0.0,9.89,4947.41
gfx950,256,4,7168,768,False,torch.bfloat16,torch.bfloat16,False,False,flydsl,151,1,4.6514,flydsl_hgemm_abf16_wbf16_bf16_t16x32x128x4_ks1_w1x2x1_bias0_ktail0_gm0_pft_gfx950,0.0,9.47,2380.69
gfx950,256,4,7168,1536,False,torch.bfloat16,torch.bfloat16,False,False,flydsl,330,1,6.1595,flydsl_hgemm_abf16_wbf16_bf16_t16x32x64x8_ks1_w1x2x1_bias0_ktail0_gm0_pft_gfx950,0.0,14.3,3586.29
gfx950,256,4,7168,3584,False,torch.bfloat16,torch.bfloat16,False,False,flydsl,236,1,10.688,flydsl_hgemm_abf16_wbf16_bf16_t16x32x256x3_ks1_w1x2x1_bias0_ktail0_gm0_pft_gfx950,0.0,19.23,4815.33
gfx950,256,4,7168,4224,False,torch.bfloat16,torch.bfloat16,False,False,flydsl,149,1,12.3502,flydsl_hgemm_abf16_wbf16_bf16_t16x32x128x7_ks1_w1x2x1_bias0_ktail0_gm0_pft_gfx950,0.0,19.61,4910.56
gfx950,256,8,7168,768,False,torch.bfloat16,torch.bfloat16,False,False,flydsl,166,1,4.6236,flydsl_hgemm_abf16_wbf16_bf16_t16x32x128x7_ks1_w1x2x1_bias0_ktail0_gm0_pft_gfx950,0.0,19.05,2408.73
gfx950,256,8,7168,1536,False,torch.bfloat16,torch.bfloat16,False,False,flydsl,330,1,6.2123,flydsl_hgemm_abf16_wbf16_bf16_t16x32x64x8_ks1_w1x2x1_bias0_ktail0_gm0_pft_gfx950,0.0,28.36,3567.01
gfx950,256,8,7168,3584,False,torch.bfloat16,torch.bfloat16,False,False,flydsl,243,1,10.7643,flydsl_hgemm_abf16_wbf16_bf16_t16x32x256x4_ks1_w1x2x1_bias0_ktail0_gm0_pft_gfx950,0.0,38.19,4789.19
gfx950,256,8,7168,4224,False,torch.bfloat16,torch.bfloat16,False,False,flydsl,142,1,12.3549,flydsl_hgemm_abf16_wbf16_bf16_t16x32x128x6_ks1_w1x2x1_bias0_ktail0_gm0_pft_gfx950,0.0,39.21,4916.07
gfx950,256,16,7168,768,False,torch.bfloat16,torch.bfloat16,False,False,triton,0,0,4.696,auto,0.0,37.51,2398.64
gfx950,256,16,7168,1536,False,torch.bfloat16,torch.bfloat16,False,False,flydsl,339,1,6.3814,flydsl_hgemm_abf16_wbf16_bf16_t16x32x64x9_ks1_w1x2x1_bias0_ktail0_gm0_pft_gfx950,0.0,55.21,3494.32
gfx950,256,16,7168,3584,False,torch.bfloat16,torch.bfloat16,False,False,flydsl,218,1,10.9363,flydsl_hgemm_abf16_wbf16_bf16_t16x32x128x8_ks1_w1x2x1_bias0_ktail0_gm0_pft_gfx950,0.0,75.17,4729.6
gfx950,256,16,7168,4224,False,torch.bfloat16,torch.bfloat16,False,False,flydsl,143,1,12.6732,flydsl_hgemm_abf16_wbf16_bf16_t16x32x128x6_ks1_w1x2x2_bias0_ktail0_gm0_pft_gfx950,0.0047,76.45,4806.98
gfx950,256,32,7168,768,False,torch.bfloat16,torch.bfloat16,False,False,triton,0,0,5.0803,auto,0.0,69.35,2267.18
gfx950,256,32,7168,1536,False,torch.bfloat16,torch.bfloat16,False,False,triton,0,0,6.8576,auto,0.0,102.75,3292.28
gfx950,256,32,7168,3584,False,torch.bfloat16,torch.bfloat16,False,False,flydsl,929,1,12.3754,flydsl_hgemm_abf16_wbf16_bf16_t32x32x128x4_ks1_w2x1x2_bias0_ktail0_gm0_pft_gfx950,0.0049,132.86,4207.41
gfx950,256,32,7168,4224,False,torch.bfloat16,torch.bfloat16,False,False,triton,0,0,13.6687,auto,0.0,141.77,4483.55
gfx950,256,64,7168,768,False,torch.bfloat16,torch.bfloat16,False,False,flydsl,1112,1,6.0066,flydsl_hgemm_abf16_wbf16_bf16_t32x64x64x6_ks1_w1x4x1_bias0_ktail0_gm0_pft_gfx950,0.0,117.31,2002.11
gfx950,256,64,7168,1536,False,torch.bfloat16,torch.bfloat16,False,False,triton,0,0,8.3942,auto,0.0,167.89,2755.98
gfx950,256,64,7168,3584,False,torch.bfloat16,torch.bfloat16,False,False,triton,0,0,14.895,auto,0.0,220.77,3541.89
gfx950,256,64,7168,4224,False,torch.bfloat16,torch.bfloat16,False,False,flydsl,2433,2,17.4761,flydsl_hgemm_abf16_wbf16_bf16_t64x64x64x6_ks2_w4x2x1_bias0_ktail0_gm0_pft_gfx950,0.005,221.76,3548.47
gfx950,256,128,7168,768,False,torch.bfloat16,torch.bfloat16,False,False,flydsl,2824,1,6.8741,flydsl_hgemm_abf16_wbf16_bf16_t64x64x64x6_ks1_w2x2x1_bias0_ktail0_gm0_pft_gfx950,0.0,205.01,1897.22
gfx950,256,128,7168,1536,False,torch.bfloat16,torch.bfloat16,False,False,flydsl,3201,1,10.5058,flydsl_hgemm_abf16_wbf16_bf16_t64x64x64x6_ks1_w2x4x1_bias0_ktail0_gm0_pft_gfx950,0.0,268.29,2308.09
gfx950,256,128,7168,3584,False,torch.bfloat16,torch.bfloat16,False,False,flydsl,2787,1,19.5768,flydsl_hgemm_abf16_wbf16_bf16_t64x64x64x7_ks1_w4x2x1_bias0_ktail0_gm0_pft_gfx950,0.0,335.94,2765.15
gfx950,256,128,7168,4224,False,torch.bfloat16,torch.bfloat16,False,False,flydsl,2378,1,17.418,flydsl_hgemm_abf16_wbf16_bf16_t64x64x64x6_ks1_w4x2x1_bias0_ktail0_gm0_pft_gfx950,0.0,445.0,3644.02
gfx950,256,256,7168,768,False,torch.bfloat16,torch.bfloat16,False,False,triton,0,0,8.9502,auto,0.0,314.92,1684.13
gfx950,256,256,7168,1536,False,torch.bfloat16,torch.bfloat16,False,False,triton,0,0,13.5351,auto,0.0,416.48,1956.14
gfx950,256,256,7168,3584,False,torch.bfloat16,torch.bfloat16,False,False,triton,0,0,26.3955,auto,0.0,498.32,2155.11
gfx950,256,256,7168,4224,False,torch.bfloat16,torch.bfloat16,False,False,flydsl,2009,1,30.0604,flydsl_hgemm_abf16_wbf16_bf16_t96x64x64x4_ks1_w2x2x1_bias0_ktail0_gm0_pft_gfx950,0.0,515.7,2208.49
gfx950,256,512,7168,768,False,torch.bfloat16,torch.bfloat16,False,False,flydsl,47,1,12.1933,flydsl_hgemm_abf16_wbf16_bf16_t128x128x64x3_ks1_w4x2x1_bias0_ktail0_gm0_pft_gfx950,0.0,462.31,1569.43
gfx950,256,512,7168,1536,False,torch.bfloat16,torch.bfloat16,False,False,flydsl,49,1,18.727,flydsl_hgemm_abf16_wbf16_bf16_t128x128x64x3_ks1_w4x2x1_bias0_ktail0_gm0_pft_gfx950,0.0,602.03,1651.79
gfx950,256,512,7168,3584,False,torch.bfloat16,torch.bfloat16,False,False,flydsl,50,1,35.3194,flydsl_hgemm_abf16_wbf16_bf16_t128x128x64x4_ks1_w4x4x1_bias0_ktail0_gm0_pft_gfx950,0.0,744.82,1766.46
gfx950,256,512,7168,4224,False,torch.bfloat16,torch.bfloat16,False,False,flydsl,38,1,41.8549,flydsl_hgemm_abf16_wbf16_bf16_t128x128x64x3_ks1_w4x4x1_bias0_ktail0_gm0_pft_gfx950,0.0,740.76,1725.5
gfx950,256,1024,7168,768,False,torch.bfloat16,torch.bfloat16,False,False,flydsl,24,1,17.985,flydsl_hgemm_abf16_wbf16_bf16_t128x128x64x2_ks1_w4x2x1_bias0_ktail0_gm0_pft_gfx950,0.0,626.87,1515.87
gfx950,256,1024,7168,1536,False,torch.bfloat16,torch.bfloat16,False,False,torch,0,0,28.9537,native,0.0,778.78,1376.19
gfx950,256,1024,7168,3584,False,torch.bfloat16,torch.bfloat16,False,False,torch,0,0,57.3333,native,0.0,917.68,1280.24
gfx950,256,1024,7168,4224,False,torch.bfloat16,torch.bfloat16,False,False,flydsl,56,1,67.1678,flydsl_hgemm_abf16_wbf16_bf16_t128x256x64x2_ks1_w2x4x1_bias0_ktail0_gm0_pht_gfx950,0.0,923.19,1248.9
gfx950,256,1,8448,7168,False,torch.bfloat16,torch.bfloat16,False,False,flydsl,582,2,22.7345,flydsl_hgemm_abf16_wbf16_bf16_t16x96x64x8_ks2_w1x2x1_bias0_ktail0_gm0_pft_gfx950,0.006,5.33,5328.54
gfx950,256,2,8448,7168,False,torch.bfloat16,torch.bfloat16,False,False,flydsl,573,2,22.8156,flydsl_hgemm_abf16_wbf16_bf16_t16x96x64x5_ks2_w1x2x1_bias0_ktail0_gm0_pft_gfx950,0.006,10.62,5310.97
gfx950,256,4,8448,7168,False,torch.bfloat16,torch.bfloat16,False,False,flydsl,549,2,23.1943,flydsl_hgemm_abf16_wbf16_bf16_t16x96x128x3_ks2_w1x2x1_bias0_ktail0_gm0_pft_gfx950,0.0063,20.89,5226.95
gfx950,256,8,8448,7168,False,torch.bfloat16,torch.bfloat16,False,False,flydsl,553,2,23.4118,flydsl_hgemm_abf16_wbf16_bf16_t16x96x128x4_ks2_w1x2x1_bias0_ktail0_gm0_pft_gfx950,0.0057,41.38,5183.73
gfx950,256,16,8448,7168,False,torch.bfloat16,torch.bfloat16,False,False,flydsl,549,2,24.3028,flydsl_hgemm_abf16_wbf16_bf16_t16x96x128x3_ks2_w1x2x1_bias0_ktail0_gm0_pft_gfx950,0.0057,79.73,5003.96
gfx950,256,32,8448,7168,False,torch.bfloat16,torch.bfloat16,False,False,flydsl,1557,2,25.5313,flydsl_hgemm_abf16_wbf16_bf16_t32x96x128x4_ks2_w1x2x2_bias0_ktail0_gm0_pft_gfx950,0.014,151.8,4782.75
gfx950,256,64,8448,7168,False,torch.bfloat16,torch.bfloat16,False,False,flydsl,2722,2,29.9496,flydsl_hgemm_abf16_wbf16_bf16_t64x96x128x4_ks2_w2x2x1_bias0_ktail0_gm0_pft_gfx950,0.0061,258.8,4110.55
gfx950,256,128,8448,7168,False,torch.bfloat16,torch.bfloat16,False,False,flydsl,543,4,36.0054,flydsl_hgemm_abf16_wbf16_bf16_t128x96x64x2_ks4_w2x2x1_bias0_ktail0_gm0_pft_gfx950,0.0138,430.55,3474.71
gfx950,256,256,8448,7168,False,torch.bfloat16,torch.bfloat16,False,False,torch,0,0,57.6067,native,0.0,538.21,2241.16
gfx950,256,512,8448,7168,False,torch.bfloat16,torch.bfloat16,False,False,flydsl,23,1,94.7694,flydsl_hgemm_abf16_wbf16_bf16_t128x128x64x2_ks1_w2x4x1_bias0_ktail0_gm4_pht_gfx950,0.0,654.31,1446.68
gfx950,256,1024,8448,7168,False,torch.bfloat16,torch.bfloat16,False,False,torch,0,0,122.469,native,0.0,1012.64,1250.05
gfx950,256,512,2112,7168,False,torch.bfloat16,torch.bfloat16,False,False,flydsl,1399,1,37.3535,flydsl_hgemm_abf16_wbf16_bf16_t48x96x128x3_ks1_w1x2x2_bias0_ktail0_gm0_pft_gfx950,0.0059,415.01,1064.97
gfx950,256,10240,7168,768,False,torch.bfloat16,torch.bfloat16,False,False,flydsl,83,1,114.9393,flydsl_hgemm_abf16_wbf16_bf16_t256x256x64x2_ks1_w2x4x1_bias0_ktail0_gm4_pht_gfx950,0.0,980.89,1509.83
gfx950,256,10240,7168,1536,False,torch.bfloat16,torch.bfloat16,False,False,asm,10,1,191.5485,_ZN5aiter24bf16gemm_bf16_tn_256x256E,0.0,1177.17,1045.57
gfx950,256,10240,7168,3584,False,torch.bfloat16,torch.bfloat16,False,False,flydsl,86,1,651.041,flydsl_hgemm_abf16_wbf16_bf16_t256x64x128x2_ks1_w2x2x1_bias0_ktail0_gm0_pht_gfx950,0.0,808.14,417.15
gfx950,256,10240,7168,4224,False,torch.bfloat16,torch.bfloat16,False,False,flydsl,1,1,443.2218,flydsl_hgemm_abf16_wbf16_bf16_t256x256x64x2_ks1_w2x4x1_bias0_ktail0_gm4_pht_gfx950,0.0,1399.04,663.02
gfx950,256,10240,8448,7168,False,torch.bfloat16,torch.bfloat16,False,False,asm,10,1,886.9429,_ZN5aiter24bf16gemm_bf16_tn_256x256E,0.0,1398.25,497.13
gfx950,256,1,20480,7168,False,torch.bfloat16,torch.bfloat16,False,False,flydsl,173,1,42.5566,flydsl_hgemm_abf16_wbf16_bf16_t16x32x64x4_ks1_w1x1x1_bias0_ktail0_gm4_pft_gfx950,0.0,6.9,6900.38
gfx950,256,2,20480,7168,False,torch.bfloat16,torch.bfloat16,False,False,flydsl,373,1,48.4332,flydsl_hgemm_abf16_wbf16_bf16_t16x96x64x5_ks1_w1x2x1_bias0_ktail0_gm0_pft_gfx950,0.0,12.12,6064.27
gfx950,256,4,20480,7168,False,torch.bfloat16,torch.bfloat16,False,False,flydsl,355,1,48.435,flydsl_hgemm_abf16_wbf16_bf16_t16x96x128x3_ks1_w1x2x1_bias0_ktail0_gm0_pft_gfx950,0.0,24.25,6066.33
gfx950,256,8,20480,7168,False,torch.bfloat16,torch.bfloat16,False,False,flydsl,356,1,48.6239,flydsl_hgemm_abf16_wbf16_bf16_t16x96x128x3_ks1_w1x2x2_bias0_ktail0_gm0_pft_gfx950,0.0058,48.31,6047.31
gfx950,256,16,20480,7168,False,torch.bfloat16,torch.bfloat16,False,False,flydsl,359,1,48.9083,flydsl_hgemm_abf16_wbf16_bf16_t16x96x128x4_ks1_w1x2x2_bias0_ktail0_gm0_pft_gfx950,0.0059,96.05,6021.19
gfx950,256,32,20480,7168,False,torch.bfloat16,torch.bfloat16,False,False,torch,0,0,47.8034,native,0.0,196.54,6178.86
gfx950,256,48,20480,7168,False,torch.bfloat16,torch.bfloat16,False,False,flydsl,896,1,52.1294,flydsl_hgemm_abf16_wbf16_bf16_t48x96x128x3_ks1_w1x2x2_bias0_ktail0_gm0_pft_gfx950,0.006,270.34,5683.08
gfx950,256,64,20480,7168,False,torch.bfloat16,torch.bfloat16,False,False,flydsl,1561,2,63.0612,flydsl_hgemm_abf16_wbf16_bf16_t64x96x128x4_ks2_w2x2x1_bias0_ktail0_gm0_pft_gfx950,0.006,297.97,4711.93
gfx950,256,128,20480,7168,False,torch.bfloat16,torch.bfloat16,False,False,flydsl,83,1,80.4327,flydsl_hgemm_abf16_wbf16_bf16_t128x128x64x5_ks1_w4x2x1_bias0_ktail0_gm0_pft_gfx950,0.0,467.23,3738.27
gfx950,256,256,20480,7168,False,torch.bfloat16,torch.bfloat16,False,False,flydsl,372,1,142.8931,flydsl_hgemm_abf16_wbf16_bf16_t64x128x64x3_ks1_w2x4x1_bias0_ktail0_gm4_pft_gfx950,0.0,526.0,2153.76
gfx950,256,512,20480,7168,False,torch.bfloat16,torch.bfloat16,False,False,flydsl,95,1,151.3497,flydsl_hgemm_abf16_wbf16_bf16_t256x256x64x2_ks1_w2x4x1_bias0_ktail0_gm0_pht_gfx950,0.0,993.22,2126.95
gfx950,256,1024,20480,7168,False,torch.bfloat16,torch.bfloat16,False,False,flydsl,36,1,401.5194,flydsl_hgemm_abf16_wbf16_bf16_t128x128x64x4_ks1_w2x2x1_bias0_ktail0_gm0_pft_gfx950,0.0,748.78,872.25
gfx950,256,2048,20480,7168,False,torch.bfloat16,torch.bfloat16,False,False,flydsl,131,1,716.6345,flydsl_hgemm_abf16_wbf16_bf16_t64x256x64x2_ks1_w2x4x1_bias0_ktail0_gm4_pft_gfx950,0.0,839.05,567.72
gfx950,256,4096,20480,7168,False,torch.bfloat16,torch.bfloat16,False,False,flydsl,1,1,791.4773,flydsl_hgemm_abf16_wbf16_bf16_t256x256x64x2_ks1_w2x4x1_bias0_ktail0_gm4_pht_gfx950,0.0,1519.43,657.12
gfx950,256,8192,20480,7168,False,torch.bfloat16,torch.bfloat16,False,False,asm,10,1,1553.5807,_ZN5aiter24bf16gemm_bf16_tn_256x256E,0.0,1548.15,480.56
gfx950,256,10240,20480,7168,False,torch.bfloat16,torch.bfloat16,False,False,asm,10,1,1990.1335,_ZN5aiter24bf16gemm_bf16_tn_256x256E,0.0,1510.69,432.05
gfx950,256,16384,20480,7168,False,torch.bfloat16,torch.bfloat16,False,False,flydsl,1,1,3129.1319,flydsl_hgemm_abf16_wbf16_bf16_t256x256x64x2_ks1_w2x4x1_bias0_ktail0_gm4_pht_gfx950,0.0,1537.28,383.36
gfx950,256,32768,20480,7168,False,torch.bfloat16,torch.bfloat16,False,False,asm,10,1,6223.626,_ZN5aiter24bf16gemm_bf16_tn_256x256E,0.0,1545.84,338.31
gfx1250,256,1,24,7168,False,torch.bfloat16,torch.bfloat16,False,False,opus,20002,6,3.8541,opus_gemm_gfx1250_splitk_cluster_tdm_ws_128x16x32x512_1x2_16x16x32_0x0x0_p3w1,0.0,0.09,93.0
gfx1250,256,1,128,7168,False,torch.bfloat16,torch.bfloat16,False,False,opus,20121,10,4.2327,opus_gemm_gfx1250_splitk_clusterlaunch_tdm_ws_128x16x32x256_1x2_16x16x32_0x0x0_c1x2_p3w2,0.0078,0.43,436.98
gfx1250,256,1,576,7168,False,torch.bfloat16,torch.bfloat16,False,False,opus,20125,11,4.9812,opus_gemm_gfx1250_splitk_clusterlaunch_tdm_ws_128x16x32x256_1x2_16x16x32_0x0x0_c1x3_p3w2,0.0139,1.66,1660.85
gfx1250,256,1,896,7168,False,torch.bfloat16,torch.bfloat16,False,False,opus,20255,10,5.2648,opus_gemm_gfx1250_splitk_clusterlaunch_tdm_ws_128x32x32x256_2x1_16x16x32_0x0x0_c1x4_p3w2,0.0145,2.44,2442.86
gfx1250,256,1,1536,7168,False,torch.bfloat16,torch.bfloat16,False,False,opus,20129,10,6.103,opus_gemm_gfx1250_splitk_clusterlaunch_tdm_ws_128x16x32x256_1x2_16x16x32_0x0x0_c1x4_p3w2,0.0124,3.61,3610.93
gfx1250,256,1,3072,128,False,torch.bfloat16,torch.bfloat16,False,False,triton,0,0,4.1893,auto,0.0,0.19,189.25
gfx1250,256,1,3072,7168,False,torch.bfloat16,torch.bfloat16,False,False,opus,20129,5,8.486,opus_gemm_gfx1250_splitk_clusterlaunch_tdm_ws_128x16x32x256_1x2_16x16x32_0x0x0_c1x4_p3w2,0.0081,5.19,5192.16
gfx1250,256,1,4608,1536,False,torch.bfloat16,torch.bfloat16,False,False,opus,20129,3,8.1582,opus_gemm_gfx1250_splitk_clusterlaunch_tdm_ws_128x16x32x256_1x2_16x16x32_0x0x0_c1x4_p3w2,0.0046,1.74,1736.67
gfx1250,256,1,7168,1536,False,torch.bfloat16,torch.bfloat16,False,False,triton,0,0,9.2099,auto,0.0,2.39,2392.81
gfx1250,256,1,7168,3072,False,torch.bfloat16,torch.bfloat16,False,False,triton,0,0,12.4295,auto,0.0,3.54,3544.85
gfx1250,256,1,7168,8448,False,torch.bfloat16,torch.bfloat16,False,False,triton,0,0,23.8203,auto,0.0,5.08,5085.65
gfx1250,256,1,16896,7168,False,torch.bfloat16,torch.bfloat16,False,False,triton,0,0,25.7959,auto,0.0,9.39,9391.77
gfx1250,256,1,40960,7168,False,torch.bfloat16,torch.bfloat16,False,False,triton,0,0,52.5552,auto,0.0,11.17,11174.89
gfx1250,256,2,24,7168,False,torch.bfloat16,torch.bfloat16,False,False,opus,20002,4,4.0361,opus_gemm_gfx1250_splitk_cluster_tdm_ws_128x16x32x512_1x2_16x16x32_0x0x0_p3w1,0.0,0.17,92.37
gfx1250,256,2,128,7168,False,torch.bfloat16,torch.bfloat16,False,False,opus,20129,10,4.365,opus_gemm_gfx1250_splitk_clusterlaunch_tdm_ws_128x16x32x256_1x2_16x16x32_0x0x0_c1x4_p3w2,0.0078,0.84,427.08
gfx1250,256,2,576,7168,False,torch.bfloat16,torch.bfloat16,False,False,opus,20251,13,5.1344,opus_gemm_gfx1250_splitk_clusterlaunch_tdm_ws_128x32x32x256_2x1_16x16x32_0x0x0_c1x3_p3w2,0.0113,3.22,1614.31
gfx1250,256,2,896,7168,False,torch.bfloat16,torch.bfloat16,False,False,opus,20129,12,5.6064,opus_gemm_gfx1250_splitk_clusterlaunch_tdm_ws_128x16x32x256_1x2_16x16x32_0x0x0_c1x4_p3w2,0.01,4.58,2296.89
gfx1250,256,2,1536,7168,False,torch.bfloat16,torch.bfloat16,False,False,opus,20129,10,6.2002,opus_gemm_gfx1250_splitk_clusterlaunch_tdm_ws_128x16x32x256_1x2_16x16x32_0x0x0_c1x4_p3w2,0.0094,7.1,3557.13
gfx1250,256,2,3072,128,False,torch.bfloat16,torch.bfloat16,False,False,triton,0,0,4.4473,auto,0.0,0.35,179.71
gfx1250,256,2,3072,7168,False,torch.bfloat16,torch.bfloat16,False,False,opus,20129,5,8.6598,opus_gemm_gfx1250_splitk_clusterlaunch_tdm_ws_128x16x32x256_1x2_16x16x32_0x0x0_c1x4_p3w2,0.0096,10.17,5090.32
gfx1250,256,2,4608,1536,False,torch.bfloat16,torch.bfloat16,False,False,opus,20129,3,8.4128,opus_gemm_gfx1250_splitk_clusterlaunch_tdm_ws_128x16x32x256_1x2_16x16x32_0x0x0_c1x4_p3w2,0.0048,3.37,1685.57
gfx1250,256,2,7168,1536,False,torch.bfloat16,torch.bfloat16,False,False,triton,0,0,9.2832,auto,0.0,4.74,2375.79
gfx1250,256,2,7168,3072,False,torch.bfloat16,torch.bfloat16,False,False,triton,0,0,12.3606,auto,0.0,7.13,3566.26
gfx1250,256,2,7168,8448,False,torch.bfloat16,torch.bfloat16,False,False,triton,0,0,23.7353,auto,0.0,10.21,5105.18
gfx1250,256,2,16896,7168,False,torch.bfloat16,torch.bfloat16,False,False,triton,0,0,25.1041,auto,0.0,19.3,9652.5
gfx1250,256,2,40960,7168,False,torch.bfloat16,torch.bfloat16,False,False,triton,0,0,52.6533,auto,0.0,22.3,11155.9
gfx1250,256,4,24,7168,False,torch.bfloat16,torch.bfloat16,False,False,opus,20002,4,4.1737,opus_gemm_gfx1250_splitk_cluster_tdm_ws_128x16x32x512_1x2_16x16x32_0x0x0_p3w1,0.0104,0.33,96.22
gfx1250,256,4,128,7168,False,torch.bfloat16,torch.bfloat16,False,False,opus,20129,10,4.313,opus_gemm_gfx1250_splitk_clusterlaunch_tdm_ws_128x16x32x256_1x2_16x16x32_0x0x0_c1x4_p3w2,0.0137,1.7,438.99
gfx1250,256,4,576,7168,False,torch.bfloat16,torch.bfloat16,False,False,opus,20125,12,5.4829,opus_gemm_gfx1250_splitk_clusterlaunch_tdm_ws_128x16x32x256_1x2_16x16x32_0x0x0_c1x3_p3w2,0.0139,6.02,1517.35
gfx1250,256,4,896,7168,False,torch.bfloat16,torch.bfloat16,False,False,opus,20129,13,5.36,opus_gemm_gfx1250_splitk_clusterlaunch_tdm_ws_128x16x32x256_1x2_16x16x32_0x0x0_c1x4_p3w2,0.0123,9.59,2408.5
gfx1250,256,4,1536,7168,False,torch.bfloat16,torch.bfloat16,False,False,opus,20129,10,6.4321,opus_gemm_gfx1250_splitk_clusterlaunch_tdm_ws_128x16x32x256_1x2_16x16x32_0x0x0_c1x4_p3w2,0.0117,13.69,3434.29
gfx1250,256,4,3072,128,False,torch.bfloat16,torch.bfloat16,False,False,triton,0,0,4.6025,auto,0.0,0.68,176.43
gfx1250,256,4,3072,7168,False,torch.bfloat16,torch.bfloat16,False,False,opus,20129,5,8.7938,opus_gemm_gfx1250_splitk_clusterlaunch_tdm_ws_128x16x32x256_1x2_16x16x32_0x0x0_c1x4_p3w2,0.0089,20.03,5017.41
gfx1250,256,4,4608,1536,False,torch.bfloat16,torch.bfloat16,False,False,opus,20129,3,8.35,opus_gemm_gfx1250_splitk_clusterlaunch_tdm_ws_128x16x32x256_1x2_16x16x32_0x0x0_c1x4_p3w2,0.0045,6.78,1701.19
gfx1250,256,4,7168,1536,False,torch.bfloat16,torch.bfloat16,False,False,triton,0,0,9.1036,auto,0.0,9.68,2426.48
gfx1250,256,4,7168,3072,False,torch.bfloat16,torch.bfloat16,False,False,triton,0,0,12.2835,auto,0.0,14.34,3591.98
gfx1250,256,4,7168,8448,False,torch.bfloat16,torch.bfloat16,False,False,triton,0,0,23.6601,auto,0.0,20.48,5124.05
gfx1250,256,4,16896,7168,False,torch.bfloat16,torch.bfloat16,False,False,triton,0,0,24.4534,auto,0.0,39.62,9913.29
gfx1250,256,4,40960,7168,False,torch.bfloat16,torch.bfloat16,False,False,triton,0,0,50.4086,auto,0.0,46.6,11656.49
gfx1250,256,8,24,7168,False,torch.bfloat16,torch.bfloat16,False,False,opus,20002,6,4.3958,opus_gemm_gfx1250_splitk_cluster_tdm_ws_128x16x32x512_1x2_16x16x32_0x0x0_p3w1,0.026,0.63,104.45
gfx1250,256,8,128,7168,False,torch.bfloat16,torch.bfloat16,False,False,opus,20001,10,4.5405,opus_gemm_gfx1250_splitk_cluster_tdm_ws_128x16x32x256_1x2_16x16x32_0x0x0_p3w2,0.0088,3.23,429.85
gfx1250,256,8,576,7168,False,torch.bfloat16,torch.bfloat16,False,False,opus,20125,13,5.4886,opus_gemm_gfx1250_splitk_clusterlaunch_tdm_ws_128x16x32x256_1x2_16x16x32_0x0x0_c1x3_p3w2,0.01,12.04,1527.06
gfx1250,256,8,896,7168,False,torch.bfloat16,torch.bfloat16,False,False,opus,20129,13,5.4596,opus_gemm_gfx1250_splitk_clusterlaunch_tdm_ws_128x16x32x256_1x2_16x16x32_0x0x0_c1x4_p3w2,0.0102,18.82,2376.38
gfx1250,256,8,1536,7168,False,torch.bfloat16,torch.bfloat16,False,False,opus,20125,10,6.4536,opus_gemm_gfx1250_splitk_clusterlaunch_tdm_ws_128x16x32x256_1x2_16x16x32_0x0x0_c1x3_p3w2,0.0103,27.3,3433.64
gfx1250,256,8,3072,128,False,torch.bfloat16,torch.bfloat16,False,False,triton,0,0,4.6743,auto,0.0,1.35,179.2
gfx1250,256,8,3072,7168,False,torch.bfloat16,torch.bfloat16,False,False,opus,20129,5,8.9723,opus_gemm_gfx1250_splitk_clusterlaunch_tdm_ws_128x16x32x256_1x2_16x16x32_0x0x0_c1x4_p3w2,0.0095,39.27,4926.72
gfx1250,256,8,4608,1536,False,torch.bfloat16,torch.bfloat16,False,False,opus,20129,3,8.4195,opus_gemm_gfx1250_splitk_clusterlaunch_tdm_ws_128x16x32x256_1x2_16x16x32_0x0x0_c1x4_p3w2,0.0044,13.45,1692.98
gfx1250,256,8,7168,1536,False,torch.bfloat16,torch.bfloat16,False,False,triton,0,0,9.0811,auto,0.0,19.4,2440.16
gfx1250,256,8,7168,3072,False,torch.bfloat16,torch.bfloat16,False,False,triton,0,0,11.9882,auto,0.0,29.39,3687.3
gfx1250,256,8,7168,8448,False,torch.bfloat16,torch.bfloat16,False,False,triton,0,0,23.4346,auto,0.0,41.34,5178.68
gfx1250,256,8,16896,7168,False,torch.bfloat16,torch.bfloat16,False,False,triton,0,0,23.5834,auto,0.0,82.17,10287.15
gfx1250,256,8,40960,7168,False,torch.bfloat16,torch.bfloat16,False,False,triton,0,0,50.5856,auto,0.0,92.86,11623.32
gfx1250,256,128,24,7168,False,torch.bfloat16,torch.bfloat16,False,False,opus,20002,5,4.8644,opus_gemm_gfx1250_splitk_cluster_tdm_ws_128x16x32x512_1x2_16x16x32_0x0x0_p3w1,0.0111,9.05,449.23
gfx1250,256,128,128,7168,False,torch.bfloat16,torch.bfloat16,False,False,opus,20247,11,5.0271,opus_gemm_gfx1250_splitk_clusterlaunch_tdm_ws_128x32x32x256_2x1_16x16x32_0x0x0_c1x2_p3w2,0.0112,46.72,736.56
gfx1250,256,128,576,7168,False,torch.bfloat16,torch.bfloat16,False,False,opus,20251,6,7.5144,opus_gemm_gfx1250_splitk_clusterlaunch_tdm_ws_128x32x32x256_2x1_16x16x32_0x0x0_c1x3_p3w2,0.0104,140.66,1362.72
gfx1250,256,128,896,7168,False,torch.bfloat16,torch.bfloat16,False,False,opus,20255,4,9.0062,opus_gemm_gfx1250_splitk_clusterlaunch_tdm_ws_128x32x32x256_2x1_16x16x32_0x0x0_c1x4_p3w2,0.0098,182.56,1655.46
gfx1250,256,128,1536,7168,False,torch.bfloat16,torch.bfloat16,False,False,opus,20273,5,10.9991,opus_gemm_gfx1250_splitk_clusterlaunch_tdm_ws_128x32x64x128_2x1_16x16x32_0x0x0_c1x4_p3w2,0.0106,256.25,2204.57
gfx1250,256,128,3072,128,False,torch.bfloat16,torch.bfloat16,False,False,triton,0,0,4.8231,auto,0.0,20.87,332.9
gfx1250,256,128,3072,7168,False,torch.bfloat16,torch.bfloat16,False,False,opus,20399,5,13.9119,opus_gemm_gfx1250_splitk_clusterlaunch_tdm_ws_128x64x64x128_2x1_16x16x32_0x0x0_c1x4_p3w2,0.0105,405.2,3354.08
gfx1250,256,128,4608,1536,False,torch.bfloat16,torch.bfloat16,False,False,triton,0,0,8.9643,auto,0.0,202.13,1754.59
gfx1250,256,128,7168,1536,False,torch.bfloat16,torch.bfloat16,False,False,triton,0,0,10.5907,auto,0.0,266.14,2289.59
gfx1250,256,128,7168,3072,False,torch.bfloat16,torch.bfloat16,False,False,triton,0,0,15.9428,auto,0.0,353.59,2926.82
gfx1250,256,128,7168,8448,False,torch.bfloat16,torch.bfloat16,False,False,triton,0,0,33.5738,auto,0.0,461.73,3726.36
gfx1250,256,128,16896,7168,False,torch.bfloat16,torch.bfloat16,False,False,triton,0,0,79.5681,auto,0.0,389.66,3121.62
gfx1250,256,128,40960,7168,False,torch.bfloat16,torch.bfloat16,False,False,triton,0,0,159.4031,auto,0.0,471.52,3761.05
gfx1250,256,256,24,7168,False,torch.bfloat16,torch.bfloat16,False,False,opus,20001,12,6.0556,opus_gemm_gfx1250_splitk_cluster_tdm_ws_128x16x32x256_1x2_16x16x32_0x0x0_p3w2,0.0099,14.55,664.9
gfx1250,256,256,128,7168,False,torch.bfloat16,torch.bfloat16,False,False,opus,20255,6,6.0928,opus_gemm_gfx1250_splitk_clusterlaunch_tdm_ws_128x32x32x256_2x1_16x16x32_0x0x0_c1x4_p3w2,0.0108,77.1,914.29
gfx1250,256,256,576,7168,False,torch.bfloat16,torch.bfloat16,False,False,opus,20287,3,10.1563,opus_gemm_gfx1250_splitk_clusterlaunch_tdm_ws_128x32x64x256_2x1_16x16x32_0x0x0_c1x3_p3w2,0.0086,208.14,1203.44
gfx1250,256,256,896,7168,False,torch.bfloat16,torch.bfloat16,False,False,opus,20283,4,13.2576,opus_gemm_gfx1250_splitk_clusterlaunch_tdm_ws_128x32x64x256_2x1_16x16x32_0x0x0_c1x2_p3w2,0.0098,248.03,1280.31
gfx1250,256,256,1536,7168,False,torch.bfloat16,torch.bfloat16,False,False,opus,20399,5,13.1972,opus_gemm_gfx1250_splitk_clusterlaunch_tdm_ws_128x64x64x128_2x1_16x16x32_0x0x0_c1x4_p3w2,0.0102,427.15,2006.22
gfx1250,256,256,3072,128,False,torch.bfloat16,torch.bfloat16,False,False,triton,0,0,5.4237,auto,0.0,37.12,447.08
gfx1250,256,256,3072,7168,False,torch.bfloat16,torch.bfloat16,False,False,opus,20399,2,22.8303,opus_gemm_gfx1250_splitk_clusterlaunch_tdm_ws_128x64x64x128_2x1_16x16x32_0x0x0_c1x4_p3w2,0.006,493.83,2158.67
gfx1250,256,256,4608,1536,False,torch.bfloat16,torch.bfloat16,False,False,opus,20561,3,12.2429,opus_gemm_gfx1250_splitk_clusterlaunch_tdm_ws_128x128x128x128_2x1_16x16x32_0x0x0_c1x4_p3w1,0.0041,296.0,1413.19
gfx1250,256,256,7168,1536,False,torch.bfloat16,torch.bfloat16,False,False,opus,20561,2,15.3236,opus_gemm_gfx1250_splitk_clusterlaunch_tdm_ws_128x128x128x128_2x1_16x16x32_0x0x0_c1x4_p3w1,0.0029,367.87,1727.83
gfx1250,256,256,7168,3072,False,torch.bfloat16,torch.bfloat16,False,False,opus,20561,2,19.8229,opus_gemm_gfx1250_splitk_clusterlaunch_tdm_ws_128x128x128x128_2x1_16x16x32_0x0x0_c1x4_p3w1,0.0043,568.75,2486.17
gfx1250,256,256,7168,8448,False,torch.bfloat16,torch.bfloat16,False,False,opus,20561,2,37.5523,opus_gemm_gfx1250_splitk_clusterlaunch_tdm_ws_128x128x128x128_2x1_16x16x32_0x0x0_c1x4_p3w1,0.0063,825.63,3438.03
gfx1250,256,256,16896,7168,False,torch.bfloat16,torch.bfloat16,False,False,triton,0,0,120.1056,auto,0.0,516.28,2119.32
gfx1250,256,256,40960,7168,False,torch.bfloat16,torch.bfloat16,False,False,triton,0,0,237.1012,auto,0.0,634.01,2580.52
gfx1250,256,1024,24,7168,False,torch.bfloat16,torch.bfloat16,False,False,triton,0,0,20.3037,auto,0.0,17.35,742.39
gfx1250,256,1024,128,7168,False,torch.bfloat16,torch.bfloat16,False,False,triton,0,0,19.2915,auto,0.0,97.4,869.67
gfx1250,256,1024,576,7168,False,torch.bfloat16,torch.bfloat16,False,False,triton,0,0,25.7873,auto,0.0,327.9,935.24
gfx1250,256,1024,896,7168,False,torch.bfloat16,torch.bfloat16,False,False,triton,0,0,28.2746,auto,0.0,465.2,1038.39
gfx1250,256,1024,1536,7168,False,torch.bfloat16,torch.bfloat16,False,False,triton,0,0,41.0925,auto,0.0,548.73,969.66
gfx1250,256,1024,3072,128,False,torch.bfloat16,torch.bfloat16,False,False,triton,0,0,7.4774,auto,0.0,107.7,981.63
gfx1250,256,1024,3072,7168,False,torch.bfloat16,torch.bfloat16,False,False,triton,0,0,84.0708,auto,0.0,536.42,773.3
gfx1250,256,1024,4608,1536,False,torch.bfloat16,torch.bfloat16,False,False,triton,0,0,34.0646,auto,0.0,425.53,784.94
gfx1250,256,1024,7168,1536,False,torch.bfloat16,torch.bfloat16,False,False,triton,0,0,46.8491,auto,0.0,481.3,850.52
gfx1250,256,1024,7168,3072,False,torch.bfloat16,torch.bfloat16,False,False,triton,0,0,76.0326,auto,0.0,593.13,855.05
gfx1250,256,1024,7168,8448,False,torch.bfloat16,torch.bfloat16,False,False,triton,0,0,185.5496,auto,0.0,668.38,825.07
gfx1250,256,1024,16896,7168,False,torch.bfloat16,torch.bfloat16,False,False,triton,0,0,345.7437,auto,0.0,717.39,843.12
gfx1250,256,1024,40960,7168,False,torch.bfloat16,torch.bfloat16,False,False,triton,0,0,816.0739,auto,0.0,736.81,840.33
gfx1250,256,2048,24,7168,False,torch.bfloat16,torch.bfloat16,False,False,triton,0,0,21.9854,auto,0.0,32.05,1355.56
gfx1250,256,2048,128,7168,False,torch.bfloat16,torch.bfloat16,False,False,triton,0,0,21.5031,auto,0.0,174.77,1475.11
gfx1250,256,2048,576,7168,False,torch.bfloat16,torch.bfloat16,False,False,triton,0,0,37.0078,auto,0.0,456.97,1080.23
gfx1250,256,2048,896,7168,False,torch.bfloat16,torch.bfloat16,False,False,triton,0,0,48.533,auto,0.0,542.04,945.24
gfx1250,256,2048,1536,7168,False,torch.bfloat16,torch.bfloat16,False,False,triton,0,0,83.1181,auto,0.0,542.57,693.85
gfx1250,256,2048,3072,128,False,torch.bfloat16,torch.bfloat16,False,False,triton,0,0,11.1375,auto,0.0,144.61,1247.46
gfx1250,256,2048,3072,7168,False,torch.bfloat16,torch.bfloat16,False,False,triton,0,0,131.0566,auto,0.0,688.21,656.08
gfx1250,256,2048,4608,1536,False,torch.bfloat16,torch.bfloat16,False,False,triton,0,0,56.2693,auto,0.0,515.22,698.81
gfx1250,256,2048,7168,1536,False,torch.bfloat16,torch.bfloat16,False,False,triton,0,0,79.4626,auto,0.0,567.53,725.77
gfx1250,256,2048,7168,3072,False,torch.bfloat16,torch.bfloat16,False,False,triton,0,0,139.6569,auto,0.0,645.83,615.67
gfx1250,256,2048,7168,8448,False,torch.bfloat16,torch.bfloat16,False,False,triton,0,0,344.2289,auto,0.0,720.55,537.65
gfx1250,256,2048,16896,7168,False,torch.bfloat16,torch.bfloat16,False,False,triton,0,0,669.7579,auto,0.0,740.67,508.82
gfx1250,256,2048,40960,7168,False,torch.bfloat16,torch.bfloat16,False,False,triton,0,0,1600.718,auto,0.0,751.28,489.99
gfx1250,256,1,12,7168,False,torch.bfloat16,torch.bfloat16,False,False,opus,20002,6,3.9181,opus_gemm_gfx1250_splitk_cluster_tdm_ws_128x16x32x512_1x2_16x16x32_0x0x0_p3w1,0.0,0.04,47.57
gfx1250,256,1,1536,128,False,torch.bfloat16,torch.bfloat16,False,False,triton,0,0,3.8059,auto,0.0,0.1,104.19
gfx1250,256,1,2304,1536,False,torch.bfloat16,torch.bfloat16,False,False,opus,20129,4,5.5783,opus_gemm_gfx1250_splitk_clusterlaunch_tdm_ws_128x16x32x256_1x2_16x16x32_0x0x0_c1x4_p3w2,0.0056,1.27,1270.2
gfx1250,256,1,3072,512,False,torch.bfloat16,torch.bfloat16,False,False,triton,0,0,5.4432,auto,0.0,0.58,579.24
gfx1250,256,1,6144,512,False,torch.bfloat16,torch.bfloat16,False,False,triton,0,0,7.0526,auto,0.0,0.89,893.96
gfx1250,256,1,7168,768,False,torch.bfloat16,torch.bfloat16,False,False,triton,0,0,6.2746,auto,0.0,1.75,1757.23
gfx1250,256,1,7168,4224,False,torch.bfloat16,torch.bfloat16,False,False,triton,0,0,14.0751,auto,0.0,4.3,4303.92
gfx1250,256,1,8448,7168,False,torch.bfloat16,torch.bfloat16,False,False,opus,20147,3,15.2905,opus_gemm_gfx1250_splitk_clusterlaunch_tdm_ws_128x16x64x128_1x2_16x16x32_0x0x0_c1x4_p3w2,0.0076,7.92,7922.68
gfx1250,256,1,20480,7168,False,torch.bfloat16,torch.bfloat16,False,False,triton,0,0,26.9278,auto,0.0,10.9,10905.33
gfx1250,256,2,12,7168,False,torch.bfloat16,torch.bfloat16,False,False,opus,20002,6,4.0366,opus_gemm_gfx1250_splitk_cluster_tdm_ws_128x16x32x512_1x2_16x16x32_0x0x0_p3w1,0.0,0.09,49.73
gfx1250,256,2,1536,128,False,torch.bfloat16,torch.bfloat16,False,False,triton,0,0,3.9747,auto,0.0,0.2,100.6
gfx1250,256,2,2304,1536,False,torch.bfloat16,torch.bfloat16,False,False,opus,20129,3,5.6494,opus_gemm_gfx1250_splitk_clusterlaunch_tdm_ws_128x16x32x256_1x2_16x16x32_0x0x0_c1x4_p3w2,0.005,2.51,1255.58
gfx1250,256,2,3072,512,False,torch.bfloat16,torch.bfloat16,False,False,triton,0,0,5.7853,auto,0.0,1.09,546.22
gfx1250,256,2,6144,512,False,torch.bfloat16,torch.bfloat16,False,False,triton,0,0,5.667,auto,0.0,2.22,1114.89
gfx1250,256,2,7168,768,False,torch.bfloat16,torch.bfloat16,False,False,triton,0,0,7.0468,auto,0.0,3.12,1566.92
gfx1250,256,2,7168,4224,False,torch.bfloat16,torch.bfloat16,False,False,triton,0,0,14.1282,auto,0.0,8.57,4289.35
gfx1250,256,2,8448,7168,False,torch.bfloat16,torch.bfloat16,False,False,opus,20147,3,15.6133,opus_gemm_gfx1250_splitk_clusterlaunch_tdm_ws_128x16x64x128_1x2_16x16x32_0x0x0_c1x4_p3w2,0.0082,15.51,7760.88
gfx1250,256,2,20480,7168,False,torch.bfloat16,torch.bfloat16,False,False,triton,0,0,27.1013,auto,0.0,21.67,10837.56
gfx1250,256,4,12,7168,False,torch.bfloat16,torch.bfloat16,False,False,opus,20002,6,4.19,opus_gemm_gfx1250_splitk_cluster_tdm_ws_128x16x32x512_1x2_16x16x32_0x0x0_p3w1,0.0417,0.16,54.77
gfx1250,256,4,1536,128,False,torch.bfloat16,torch.bfloat16,False,False,triton,0,0,4.1681,auto,0.0,0.38,97.53
gfx1250,256,4,2304,1536,False,torch.bfloat16,torch.bfloat16,False,False,opus,20129,6,5.6927,opus_gemm_gfx1250_splitk_clusterlaunch_tdm_ws_128x16x32x256_1x2_16x16x32_0x0x0_c1x4_p3w2,0.0061,4.97,1248.72
gfx1250,256,4,3072,512,False,torch.bfloat16,torch.bfloat16,False,False,triton,0,0,5.217,auto,0.0,2.41,608.47
gfx1250,256,4,6144,512,False,torch.bfloat16,torch.bfloat16,False,False,triton,0,0,5.5707,auto,0.0,4.52,1138.94
gfx1250,256,4,7168,768,False,torch.bfloat16,torch.bfloat16,False,False,triton,0,0,7.2309,auto,0.0,6.09,1531.42
gfx1250,256,4,7168,4224,False,torch.bfloat16,torch.bfloat16,False,False,triton,0,0,14.1729,auto,0.0,17.09,4279.04
gfx1250,256,4,8448,7168,False,torch.bfloat16,torch.bfloat16,False,False,opus,20165,3,16.5006,opus_gemm_gfx1250_splitk_clusterlaunch_tdm_ws_128x16x64x256_1x2_16x16x32_0x0x0_c1x4_p3w2,0.0089,29.36,7347.34
gfx1250,256,4,20480,7168,False,torch.bfloat16,torch.bfloat16,False,False,triton,0,0,26.2027,auto,0.0,44.82,11213.44
gfx1250,256,8,12,7168,False,torch.bfloat16,torch.bfloat16,False,False,opus,20001,11,4.4054,opus_gemm_gfx1250_splitk_cluster_tdm_ws_128x16x32x256_1x2_16x16x32_0x0x0_p3w2,0.0104,0.31,65.13
gfx1250,256,8,1536,128,False,torch.bfloat16,torch.bfloat16,False,False,triton,0,0,4.4474,auto,0.0,0.71,94.4
gfx1250,256,8,2304,1536,False,torch.bfloat16,torch.bfloat16,False,False,opus,20129,4,5.6891,opus_gemm_gfx1250_splitk_clusterlaunch_tdm_ws_128x16x32x256_1x2_16x16x32_0x0x0_c1x4_p3w2,0.0044,9.95,1254.91
gfx1250,256,8,3072,512,False,torch.bfloat16,torch.bfloat16,False,False,triton,0,0,5.1729,auto,0.0,4.86,619.2
gfx1250,256,8,6144,512,False,torch.bfloat16,torch.bfloat16,False,False,triton,0,0,5.4787,auto,0.0,9.19,1167.79
gfx1250,256,8,7168,768,False,torch.bfloat16,torch.bfloat16,False,False,triton,0,0,6.6223,auto,0.0,13.3,1681.75
gfx1250,256,8,7168,4224,False,torch.bfloat16,torch.bfloat16,False,False,triton,0,0,14.0436,auto,0.0,34.5,4324.93
gfx1250,256,8,8448,7168,False,torch.bfloat16,torch.bfloat16,False,False,opus,20165,3,17.7494,opus_gemm_gfx1250_splitk_clusterlaunch_tdm_ws_128x16x64x256_1x2_16x16x32_0x0x0_c1x4_p3w2,0.0083,54.59,6837.44
gfx1250,256,8,20480,7168,False,torch.bfloat16,torch.bfloat16,False,False,triton,0,0,24.8229,auto,0.0,94.62,11845.66
gfx1250,256,128,12,7168,False,torch.bfloat16,torch.bfloat16,False,False,opus,20001,11,4.9881,opus_gemm_gfx1250_splitk_cluster_tdm_ws_128x16x32x256_1x2_16x16x32_0x0x0_p3w2,0.0117,4.41,402.98
gfx1250,256,128,1536,128,False,torch.bfloat16,torch.bfloat16,False,False,triton,0,0,4.4218,auto,0.0,11.38,185.26
gfx1250,256,128,2304,1536,False,torch.bfloat16,torch.bfloat16,False,False,opus,20291,3,7.3826,opus_gemm_gfx1250_splitk_clusterlaunch_tdm_ws_128x32x64x256_2x1_16x16x32_0x0x0_c1x4_p3w2,0.0041,122.72,1091.88
gfx1250,256,128,3072,512,False,torch.bfloat16,torch.bfloat16,False,False,triton,0,0,5.8065,auto,0.0,69.35,699.77
gfx1250,256,128,6144,512,False,torch.bfloat16,torch.bfloat16,False,False,triton,0,0,6.8189,auto,0.0,118.1,1172.53
gfx1250,256,128,7168,768,False,torch.bfloat16,torch.bfloat16,False,False,triton,0,0,7.4474,auto,0.0,189.23,1751.17
gfx1250,256,128,7168,4224,False,torch.bfloat16,torch.bfloat16,False,False,triton,0,0,20.6615,auto,0.0,375.15,3071.98
gfx1250,256,128,8448,7168,False,torch.bfloat16,torch.bfloat16,False,False,opus,20467,3,26.7303,opus_gemm_gfx1250_splitk_clusterlaunch_tdm_ws_128x64x256x128_2x1_16x16x32_0x0x0_c1x3_p3w1,0.0085,579.95,4680.39
gfx1250,256,128,20480,7168,False,torch.bfloat16,torch.bfloat16,False,False,triton,0,0,96.6032,auto,0.0,389.02,3112.52
gfx1250,256,256,12,7168,False,torch.bfloat16,torch.bfloat16,False,False,opus,20001,13,5.8453,opus_gemm_gfx1250_splitk_cluster_tdm_ws_128x16x32x256_1x2_16x16x32_0x0x0_p3w2,0.0101,7.53,658.34
gfx1250,256,256,1536,128,False,torch.bfloat16,torch.bfloat16,False,False,triton,0,0,4.8472,auto,0.0,20.77,256.89
gfx1250,256,256,2304,1536,False,torch.bfloat16,torch.bfloat16,False,False,opus,20399,3,9.0058,opus_gemm_gfx1250_splitk_clusterlaunch_tdm_ws_128x64x64x128_2x1_16x16x32_0x0x0_c1x4_p3w2,0.0041,201.2,1004.24
gfx1250,256,256,3072,512,False,torch.bfloat16,torch.bfloat16,False,False,triton,0,0,7.2075,auto,0.0,111.73,691.05
gfx1250,256,256,6144,512,False,torch.bfloat16,torch.bfloat16,False,False,triton,0,0,9.2073,auto,0.0,174.93,1053.44
gfx1250,256,256,7168,768,False,torch.bfloat16,torch.bfloat16,False,False,triton,0,0,11.0765,auto,0.0,254.46,1360.83
gfx1250,256,256,7168,4224,False,torch.bfloat16,torch.bfloat16,False,False,opus,20561,2,24.1183,opus_gemm_gfx1250_splitk_clusterlaunch_tdm_ws_128x128x128x128_2x1_16x16x32_0x0x0_c1x4_p3w1,0.005,642.75,2752.6
gfx1250,256,256,8448,7168,False,torch.bfloat16,torch.bfloat16,False,False,opus,20557,3,47.6967,opus_gemm_gfx1250_splitk_clusterlaunch_tdm_ws_128x128x128x128_2x1_16x16x32_0x0x0_c1x3_p3w1,0.0085,650.03,2706.81
gfx1250,256,256,20480,7168,False,torch.bfloat16,torch.bfloat16,False,False,triton,0,0,128.2885,auto,0.0,585.88,2398.95
gfx1250,256,1024,12,7168,False,torch.bfloat16,torch.bfloat16,False,False,triton,0,0,19.7634,auto,0.0,8.91,752.74
gfx1250,256,1024,1536,128,False,torch.bfloat16,torch.bfloat16,False,False,triton,0,0,6.0597,auto,0.0,66.45,627.27
gfx1250,256,1024,2304,1536,False,torch.bfloat16,torch.bfloat16,False,False,triton,0,0,21.0154,auto,0.0,344.88,711.01
gfx1250,256,1024,3072,512,False,torch.bfloat16,torch.bfloat16,False,False,triton,0,0,13.2159,auto,0.0,243.74,793.42
gfx1250,256,1024,6144,512,False,torch.bfloat16,torch.bfloat16,False,False,triton,0,0,21.1292,auto,0.0,304.91,942.91
gfx1250,256,1024,7168,768,False,torch.bfloat16,torch.bfloat16,False,False,triton,0,0,28.766,auto,0.0,391.93,947.75
gfx1250,256,1024,7168,4224,False,torch.bfloat16,torch.bfloat16,False,False,triton,0,0,104.7909,auto,0.0,591.74,800.51
gfx1250,256,1024,8448,7168,False,torch.bfloat16,torch.bfloat16,False,False,triton,0,0,182.8777,auto,0.0,678.14,837.13
gfx1250,256,1024,20480,7168,False,torch.bfloat16,torch.bfloat16,False,False,triton,0,0,416.1398,auto,0.0,722.47,841.6
gfx1250,256,2048,12,7168,False,torch.bfloat16,torch.bfloat16,False,False,triton,0,0,21.734,auto,0.0,16.21,1361.06
gfx1250,256,2048,1536,128,False,torch.bfloat16,torch.bfloat16,False,False,triton,0,0,7.8899,auto,0.0,102.07,913.69
gfx1250,256,2048,2304,1536,False,torch.bfloat16,torch.bfloat16,False,False,triton,0,0,33.405,auto,0.0,433.93,682.73
gfx1250,256,2048,3072,512,False,torch.bfloat16,torch.bfloat16,False,False,triton,0,0,21.3795,auto,0.0,301.34,833.78
gfx1250,256,2048,6144,512,False,torch.bfloat16,torch.bfloat16,False,False,triton,0,0,36.3661,auto,0.0,354.31,922.68
gfx1250,256,2048,7168,768,False,torch.bfloat16,torch.bfloat16,False,False,triton,0,0,49.8458,auto,0.0,452.37,873.01
gfx1250,256,2048,7168,4224,False,torch.bfloat16,torch.bfloat16,False,False,triton,0,0,191.247,auto,0.0,648.47,560.62
gfx1250,256,2048,8448,7168,False,torch.bfloat16,torch.bfloat16,False,False,triton,0,0,342.491,auto,0.0,724.21,540.38
gfx1250,256,2048,20480,7168,False,torch.bfloat16,torch.bfloat16,False,False,triton,0,0,807.6314,auto,0.0,744.52,503.75
gfx1250,256,4096,12,7168,False,torch.bfloat16,torch.bfloat16,False,False,triton,0,0,22.0771,auto,0.0,31.92,2672.03
gfx1250,256,4096,24,7168,False,torch.bfloat16,torch.bfloat16,False,False,triton,0,0,22.5383,auto,0.0,62.53,2629.34
gfx1250,256,4096,128,7168,False,torch.bfloat16,torch.bfloat16,False,False,triton,0,0,23.1021,auto,0.0,325.35,2666.59
gfx1250,256,4096,576,7168,False,torch.bfloat16,torch.bfloat16,False,False,triton,0,0,80.0591,auto,0.0,422.47,895.54
gfx1250,256,4096,896,7168,False,torch.bfloat16,torch.bfloat16,False,False,triton,0,0,86.3284,auto,0.0,609.46,914.01
gfx1250,256,4096,1536,128,False,torch.bfloat16,torch.bfloat16,False,False,triton,0,0,10.8957,auto,0.0,147.82,1287.18
gfx1250,256,4096,1536,7168,False,torch.bfloat16,torch.bfloat16,False,False,triton,0,0,130.7416,auto,0.0,689.87,713.8
gfx1250,256,4096,2304,1536,False,torch.bfloat16,torch.bfloat16,False,False,triton,0,0,55.7688,auto,0.0,519.84,690.98
gfx1250,256,4096,3072,128,False,torch.bfloat16,torch.bfloat16,False,False,triton,0,0,17.3565,auto,0.0,185.59,1555.66
gfx1250,256,4096,3072,512,False,torch.bfloat16,torch.bfloat16,False,False,triton,0,0,35.9489,auto,0.0,358.42,904.22
gfx1250,256,4096,3072,7168,False,torch.bfloat16,torch.bfloat16,False,False,triton,0,0,253.4866,auto,0.0,711.63,504.67
gfx1250,256,4096,4608,1536,False,torch.bfloat16,torch.bfloat16,False,False,triton,0,0,99.6911,auto,0.0,581.62,646.87
gfx1250,256,4096,6144,512,False,torch.bfloat16,torch.bfloat16,False,False,triton,0,0,61.3293,auto,0.0,420.19,991.65
gfx1250,256,4096,7168,768,False,torch.bfloat16,torch.bfloat16,False,False,triton,0,0,87.3823,auto,0.0,516.09,869.99
gfx1250,256,4096,7168,1536,False,torch.bfloat16,torch.bfloat16,False,False,triton,0,0,150.5721,auto,0.0,599.01,619.79
gfx1250,256,4096,7168,3072,False,torch.bfloat16,torch.bfloat16,False,False,triton,0,0,269.9857,auto,0.0,668.14,473.83
gfx1250,256,4096,7168,4224,False,torch.bfloat16,torch.bfloat16,False,False,triton,0,0,361.0016,auto,0.0,687.07,426.25
gfx1250,256,4096,7168,8448,False,torch.bfloat16,torch.bfloat16,False,False,triton,0,0,672.8653,auto,0.0,737.25,370.11
gfx1250,256,4096,8448,7168,False,torch.bfloat16,torch.bfloat16,False,False,triton,0,0,667.784,auto,0.0,742.86,372.93
gfx1250,256,4096,16896,7168,False,torch.bfloat16,torch.bfloat16,False,False,triton,0,0,1328.4178,auto,0.0,746.86,330.73
gfx1250,256,4096,20480,7168,False,torch.bfloat16,torch.bfloat16,False,False,triton,0,0,1600.841,auto,0.0,751.22,324.89
gfx1250,256,4096,40960,7168,False,torch.bfloat16,torch.bfloat16,False,False,triton,0,0,3193.1174,auto,0.0,753.24,307.37
gfx1250,256,8192,12,7168,False,torch.bfloat16,torch.bfloat16,False,False,triton,0,0,23.5785,auto,0.0,59.77,4996.47
gfx1250,256,8192,24,7168,False,torch.bfloat16,torch.bfloat16,False,False,triton,0,0,24.1638,auto,0.0,116.64,4890.7
gfx1250,256,8192,128,7168,False,torch.bfloat16,torch.bfloat16,False,False,triton,0,0,31.6722,auto,0.0,474.62,3832.15
gfx1250,256,8192,576,7168,False,torch.bfloat16,torch.bfloat16,False,False,triton,0,0,120.4224,auto,0.0,561.74,1122.18
gfx1250,256,8192,896,7168,False,torch.bfloat16,torch.bfloat16,False,False,triton,0,0,160.8466,auto,0.0,654.21,901.27
gfx1250,256,8192,1536,128,False,torch.bfloat16,torch.bfloat16,False,False,triton,0,0,18.4625,auto,0.0,174.47,1497.97
gfx1250,256,8192,1536,7168,False,torch.bfloat16,torch.bfloat16,False,False,triton,0,0,254.2868,auto,0.0,709.39,647.4
gfx1250,256,8192,2304,1536,False,torch.bfloat16,torch.bfloat16,False,False,triton,0,0,99.6726,auto,0.0,581.73,702.22
gfx1250,256,8192,3072,128,False,torch.bfloat16,torch.bfloat16,False,False,triton,0,0,31.3584,auto,0.0,205.45,1697.0
gfx1250,256,8192,3072,512,False,torch.bfloat16,torch.bfloat16,False,False,triton,0,0,63.7807,auto,0.0,404.04,969.98
gfx1250,256,8192,3072,7168,False,torch.bfloat16,torch.bfloat16,False,False,triton,0,0,493.6108,auto,0.0,730.89,429.11
gfx1250,256,8192,4608,1536,False,torch.bfloat16,torch.bfloat16,False,False,triton,0,0,191.4212,auto,0.0,605.81,599.82
gfx1250,256,8192,6144,512,False,torch.bfloat16,torch.bfloat16,False,False,triton,0,0,109.8766,auto,0.0,469.07,1049.75
gfx1250,256,8192,7168,768,False,torch.bfloat16,torch.bfloat16,False,False,triton,0,0,169.3787,auto,0.0,532.5,832.65
gfx1250,256,8192,7168,1536,False,torch.bfloat16,torch.bfloat16,False,False,triton,0,0,291.8862,auto,0.0,618.01,564.01
gfx1250,256,8192,7168,3072,False,torch.bfloat16,torch.bfloat16,False,False,triton,0,0,531.3959,auto,0.0,678.92,398.6
gfx1250,256,8192,7168,4224,False,torch.bfloat16,torch.bfloat16,False,False,triton,0,0,699.2416,auto,0.0,709.44,353.53
gfx1250,256,8192,7168,8448,False,torch.bfloat16,torch.bfloat16,False,False,triton,0,0,1319.1035,auto,0.0,752.13,285.77
gfx1250,256,8192,8448,7168,False,torch.bfloat16,torch.bfloat16,False,False,triton,0,0,1328.2297,auto,0.0,746.96,283.81
gfx1250,256,8192,16896,7168,False,torch.bfloat16,torch.bfloat16,False,False,triton,0,0,2661.0161,auto,0.0,745.68,239.19
gfx1250,256,8192,20480,7168,False,torch.bfloat16,torch.bfloat16,False,False,triton,0,0,3200.1673,auto,0.0,751.58,233.3
gfx1250,256,8192,40960,7168,False,torch.bfloat16,torch.bfloat16,False,False,triton,0,0,6392.6677,auto,0.0,752.48,215.2
gfx1250,256,16384,12,7168,False,torch.bfloat16,torch.bfloat16,False,False,triton,0,0,27.9218,auto,0.0,100.95,8432.35
gfx1250,256,16384,24,7168,False,torch.bfloat16,torch.bfloat16,False,False,triton,0,0,29.5059,auto,0.0,191.05,7998.79
gfx1250,256,16384,128,7168,False,torch.bfloat16,torch.bfloat16,False,False,triton,0,0,54.9906,auto,0.0,546.73,4380.94
gfx1250,256,16384,576,7168,False,torch.bfloat16,torch.bfloat16,False,False,triton,0,0,221.1471,auto,0.0,611.77,1184.79
gfx1250,256,16384,896,7168,False,torch.bfloat16,torch.bfloat16,False,False,triton,0,0,317.1442,auto,0.0,663.59,873.69
gfx1250,256,16384,1536,128,False,torch.bfloat16,torch.bfloat16,False,False,triton,0,0,33.0607,auto,0.0,194.87,1661.16
gfx1250,256,16384,1536,7168,False,torch.bfloat16,torch.bfloat16,False,False,triton,0,0,534.9372,auto,0.0,674.43,574.33
gfx1250,256,16384,2304,1536,False,torch.bfloat16,torch.bfloat16,False,False,triton,0,0,195.4261,auto,0.0,593.39,680.09
gfx1250,256,16384,3072,128,False,torch.bfloat16,torch.bfloat16,False,False,triton,0,0,58.4977,auto,0.0,220.26,1805.95
gfx1250,256,16384,3072,512,False,torch.bfloat16,torch.bfloat16,False,False,triton,0,0,117.2621,auto,0.0,439.52,1028.35
gfx1250,256,16384,3072,7168,False,torch.bfloat16,torch.bfloat16,False,False,triton,0,0,1087.1866,auto,0.0,663.69,349.14
gfx1250,256,16384,4608,1536,False,torch.bfloat16,torch.bfloat16,False,False,triton,0,0,377.7117,auto,0.0,614.04,570.49
gfx1250,256,16384,6144,512,False,torch.bfloat16,torch.bfloat16,False,False,triton,0,0,210.7113,auto,0.0,489.2,1064.94
gfx1250,256,16384,7168,768,False,torch.bfloat16,torch.bfloat16,False,False,triton,0,0,337.0032,auto,0.0,535.27,804.32
gfx1250,256,16384,7168,1536,False,torch.bfloat16,torch.bfloat16,False,False,triton,0,0,577.3735,auto,0.0,624.86,532.12
gfx1250,256,16384,7168,3072,False,torch.bfloat16,torch.bfloat16,False,False,triton,0,0,1062.2516,auto,0.0,679.27,357.34
gfx1250,256,16384,7168,4224,False,torch.bfloat16,torch.bfloat16,False,False,triton,0,0,1403.9505,auto,0.0,706.68,309.02
gfx1250,256,16384,7168,8448,False,torch.bfloat16,torch.bfloat16,False,False,triton,0,0,3122.2706,auto,0.0,635.52,202.68
gfx1250,256,16384,8448,7168,False,torch.bfloat16,torch.bfloat16,False,False,triton,0,0,3038.3694,auto,0.0,653.07,208.27
gfx1250,256,16384,16896,7168,False,torch.bfloat16,torch.bfloat16,False,False,triton,0,0,6153.9405,auto,0.0,644.88,167.49
gfx1250,256,16384,20480,7168,False,torch.bfloat16,torch.bfloat16,False,False,triton,0,0,7476.4449,auto,0.0,643.4,160.45
gfx1250,256,16384,40960,7168,False,torch.bfloat16,torch.bfloat16,False,False,triton,0,0,15026.017,auto,0.0,640.27,144.03
gfx1250,256,16,12,7168,False,torch.bfloat16,torch.bfloat16,False,False,opus,20002,6,4.3892,opus_gemm_gfx1250_splitk_cluster_tdm_ws_128x16x32x512_1x2_16x16x32_0x0x0_p3w1,0.0156,0.63,91.54
gfx1250,256,16,24,7168,False,torch.bfloat16,torch.bfloat16,False,False,opus,20001,13,4.3621,opus_gemm_gfx1250_splitk_cluster_tdm_ws_128x16x32x256_1x2_16x16x32_0x0x0_p3w2,0.0104,1.26,131.64
gfx1250,256,16,128,7168,False,torch.bfloat16,torch.bfloat16,False,False,opus,20129,12,4.5391,opus_gemm_gfx1250_splitk_clusterlaunch_tdm_ws_128x16x32x256_1x2_16x16x32_0x0x0_c1x4_p3w2,0.0112,6.47,455.7
gfx1250,256,16,576,7168,False,torch.bfloat16,torch.bfloat16,False,False,opus,20125,11,5.2173,opus_gemm_gfx1250_splitk_clusterlaunch_tdm_ws_128x16x32x256_1x2_16x16x32_0x0x0_c1x3_p3w2,0.0117,25.32,1630.22
gfx1250,256,16,896,7168,False,torch.bfloat16,torch.bfloat16,False,False,opus,20255,12,5.5953,opus_gemm_gfx1250_splitk_clusterlaunch_tdm_ws_128x32x32x256_2x1_16x16x32_0x0x0_c1x4_p3w2,0.0106,36.73,2341.81
gfx1250,256,16,1536,128,False,torch.bfloat16,torch.bfloat16,False,False,triton,0,0,4.0989,auto,0.0,1.53,108.92
gfx1250,256,16,1536,7168,False,torch.bfloat16,torch.bfloat16,False,False,opus,20129,10,6.4038,opus_gemm_gfx1250_splitk_clusterlaunch_tdm_ws_128x16x32x256_1x2_16x16x32_0x0x0_c1x4_p3w2,0.0111,55.02,3482.09
gfx1250,256,16,2304,1536,False,torch.bfloat16,torch.bfloat16,False,False,opus,20129,5,5.736,opus_gemm_gfx1250_splitk_clusterlaunch_tdm_ws_128x16x32x256_1x2_16x16x32_0x0x0_c1x4_p3w2,0.0043,19.74,1255.36
gfx1250,256,16,3072,128,False,torch.bfloat16,torch.bfloat16,False,False,triton,0,0,4.8659,auto,0.0,2.59,182.67
gfx1250,256,16,3072,512,False,torch.bfloat16,torch.bfloat16,False,False,triton,0,0,5.382,auto,0.0,9.35,605.8
gfx1250,256,16,3072,7168,False,torch.bfloat16,torch.bfloat16,False,False,opus,20129,5,9.2092,opus_gemm_gfx1250_splitk_clusterlaunch_tdm_ws_128x16x32x256_1x2_16x16x32_0x0x0_c1x4_p3w2,0.0098,76.52,4817.78
gfx1250,256,16,4608,1536,False,torch.bfloat16,torch.bfloat16,False,False,opus,20129,3,8.4549,opus_gemm_gfx1250_splitk_clusterlaunch_tdm_ws_128x16x32x256_1x2_16x16x32_0x0x0_c1x4_p3w2,0.0043,26.79,1697.52
gfx1250,256,16,6144,512,False,torch.bfloat16,torch.bfloat16,False,False,triton,0,0,5.6142,auto,0.0,17.93,1158.57
gfx1250,256,16,7168,768,False,torch.bfloat16,torch.bfloat16,False,False,triton,0,0,5.8035,auto,0.0,30.35,1940.9
gfx1250,256,16,7168,1536,False,torch.bfloat16,torch.bfloat16,False,False,triton,0,0,8.7479,auto,0.0,40.27,2549.03
gfx1250,256,16,7168,3072,False,torch.bfloat16,torch.bfloat16,False,False,triton,0,0,11.9179,auto,0.0,59.12,3722.79
gfx1250,256,16,7168,4224,False,torch.bfloat16,torch.bfloat16,False,False,triton,0,0,13.8982,auto,0.0,69.71,4383.29
gfx1250,256,16,7168,8448,False,torch.bfloat16,torch.bfloat16,False,False,triton,0,0,23.59,auto,0.0,82.14,5155.16
gfx1250,256,16,8448,7168,False,torch.bfloat16,torch.bfloat16,False,False,opus,20165,2,19.6178,opus_gemm_gfx1250_splitk_clusterlaunch_tdm_ws_128x16x64x256_1x2_16x16x32_0x0x0_c1x4_p3w2,0.0057,98.78,6198.97
gfx1250,256,16,16896,7168,False,torch.bfloat16,torch.bfloat16,False,False,triton,0,0,24.181,auto,0.0,160.27,10048.84
gfx1250,256,16,20480,7168,False,torch.bfloat16,torch.bfloat16,False,False,triton,0,0,25.2574,auto,0.0,185.99,11659.4
gfx1250,256,16,40960,7168,False,torch.bfloat16,torch.bfloat16,False,False,triton,0,0,52.1788,auto,0.0,180.06,11283.18
gfx1250,256,32,12,7168,False,torch.bfloat16,torch.bfloat16,False,False,opus,20118,11,4.7081,opus_gemm_gfx1250_splitk_clusterlaunch_tdm_ws_128x16x32x256_1x2_16x16x32_0x0x0_c2x1_p3w2,0.0182,1.17,134.14
gfx1250,256,32,24,7168,False,torch.bfloat16,torch.bfloat16,False,False,opus,20118,13,4.5231,opus_gemm_gfx1250_splitk_clusterlaunch_tdm_ws_128x16x32x256_1x2_16x16x32_0x0x0_c2x1_p3w2,0.0117,2.43,177.83
gfx1250,256,32,128,7168,False,torch.bfloat16,torch.bfloat16,False,False,opus,20121,11,4.6203,opus_gemm_gfx1250_splitk_clusterlaunch_tdm_ws_128x16x32x256_1x2_16x16x32_0x0x0_c1x2_p3w2,0.012,12.71,498.23
gfx1250,256,32,576,7168,False,torch.bfloat16,torch.bfloat16,False,False,opus,20251,13,5.3713,opus_gemm_gfx1250_splitk_clusterlaunch_tdm_ws_128x32x32x256_2x1_16x16x32_0x0x0_c1x3_p3w2,0.0114,49.2,1629.62
gfx1250,256,32,896,7168,False,torch.bfloat16,torch.bfloat16,False,False,opus,20255,12,5.8412,opus_gemm_gfx1250_splitk_clusterlaunch_tdm_ws_128x32x32x256_2x1_16x16x32_0x0x0_c1x4_p3w2,0.0115,70.37,2287.4
gfx1250,256,32,1536,128,False,torch.bfloat16,torch.bfloat16,False,False,opus,20147,0,4.5831,opus_gemm_gfx1250_splitk_clusterlaunch_tdm_ws_128x16x64x128_1x2_16x16x32_0x0x0_c1x4_p3w2,0.0,2.75,109.03
gfx1250,256,32,1536,7168,False,torch.bfloat16,torch.bfloat16,False,False,opus,20165,5,7.2444,opus_gemm_gfx1250_splitk_clusterlaunch_tdm_ws_128x16x64x256_1x2_16x16x32_0x0x0_c1x4_p3w2,0.0104,97.27,3116.5
gfx1250,256,32,2304,1536,False,torch.bfloat16,torch.bfloat16,False,False,opus,20147,7,5.7709,opus_gemm_gfx1250_splitk_clusterlaunch_tdm_ws_128x16x64x128_1x2_16x16x32_0x0x0_c1x4_p3w2,0.0052,39.25,1269.07
gfx1250,256,32,3072,128,False,torch.bfloat16,torch.bfloat16,False,False,triton,0,0,4.4922,auto,0.0,5.6,220.66
gfx1250,256,32,3072,512,False,torch.bfloat16,torch.bfloat16,False,False,triton,0,0,5.4612,auto,0.0,18.43,618.02
gfx1250,256,32,3072,7168,False,torch.bfloat16,torch.bfloat16,False,False,opus,20255,5,10.6639,opus_gemm_gfx1250_splitk_clusterlaunch_tdm_ws_128x32x32x256_2x1_16x16x32_0x0x0_c1x4_p3w2,0.01,132.15,4191.3
gfx1250,256,32,4608,1536,False,torch.bfloat16,torch.bfloat16,False,False,opus,20165,3,7.5042,opus_gemm_gfx1250_splitk_clusterlaunch_tdm_ws_128x16x64x256_1x2_16x16x32_0x0x0_c1x4_p3w2,0.0041,60.36,1938.78
gfx1250,256,32,6144,512,False,torch.bfloat16,torch.bfloat16,False,False,triton,0,0,5.3903,auto,0.0,37.35,1246.21
gfx1250,256,32,7168,768,False,torch.bfloat16,torch.bfloat16,False,False,triton,0,0,6.5268,auto,0.0,53.98,1764.72
gfx1250,256,32,7168,1536,False,torch.bfloat16,torch.bfloat16,False,False,triton,0,0,8.4721,auto,0.0,83.17,2664.88
gfx1250,256,32,7168,3072,False,torch.bfloat16,torch.bfloat16,False,False,triton,0,0,11.7045,auto,0.0,120.41,3818.66
gfx1250,256,32,7168,4224,False,torch.bfloat16,torch.bfloat16,False,False,triton,0,0,13.9249,auto,0.0,139.16,4401.06
gfx1250,256,32,7168,8448,False,torch.bfloat16,torch.bfloat16,False,False,triton,0,0,24.0977,auto,0.0,160.83,5067.29
gfx1250,256,32,8448,7168,False,torch.bfloat16,torch.bfloat16,False,False,triton,0,0,21.2255,auto,0.0,182.59,5752.98
gfx1250,256,32,16896,7168,False,torch.bfloat16,torch.bfloat16,False,False,triton,0,0,25.4454,auto,0.0,304.62,9579.77
gfx1250,256,32,20480,7168,False,torch.bfloat16,torch.bfloat16,False,False,triton,0,0,27.5013,auto,0.0,341.63,10740.25
gfx1250,256,32,40960,7168,False,torch.bfloat16,torch.bfloat16,False,False,triton,0,0,58.8963,auto,0.0,319.04,10022.41
gfx1250,256,64,12,7168,False,torch.bfloat16,torch.bfloat16,False,False,opus,20001,13,4.7446,opus_gemm_gfx1250_splitk_cluster_tdm_ws_128x16x32x256_1x2_16x16x32_0x0x0_p3w2,0.0117,2.32,229.96
gfx1250,256,64,24,7168,False,torch.bfloat16,torch.bfloat16,False,False,opus,20001,10,4.6918,opus_gemm_gfx1250_splitk_cluster_tdm_ws_128x16x32x256_1x2_16x16x32_0x0x0_p3w2,0.0098,4.69,269.54
gfx1250,256,64,128,7168,False,torch.bfloat16,torch.bfloat16,False,False,opus,20014,10,4.7277,opus_gemm_gfx1250_splitk_cluster_tdm_ws_128x32x32x256_2x1_16x16x32_0x0x0_p3w2,0.0107,24.84,585.68
gfx1250,256,64,576,7168,False,torch.bfloat16,torch.bfloat16,False,False,opus,20251,5,6.9317,opus_gemm_gfx1250_splitk_clusterlaunch_tdm_ws_128x32x32x256_2x1_16x16x32_0x0x0_c1x3_p3w2,0.0096,76.24,1334.27
gfx1250,256,64,896,7168,False,torch.bfloat16,torch.bfloat16,False,False,opus,20255,5,7.1808,opus_gemm_gfx1250_splitk_clusterlaunch_tdm_ws_128x32x32x256_2x1_16x16x32_0x0x0_c1x4_p3w2,0.0096,114.48,1932.55
gfx1250,256,64,1536,128,False,torch.bfloat16,torch.bfloat16,False,False,triton,0,0,4.5863,auto,0.0,5.49,132.18
gfx1250,256,64,1536,7168,False,torch.bfloat16,torch.bfloat16,False,False,opus,20255,5,9.1037,opus_gemm_gfx1250_splitk_clusterlaunch_tdm_ws_128x32x32x256_2x1_16x16x32_0x0x0_c1x4_p3w2,0.0103,154.8,2541.19
gfx1250,256,64,2304,1536,False,torch.bfloat16,torch.bfloat16,False,False,opus,20273,4,5.9356,opus_gemm_gfx1250_splitk_clusterlaunch_tdm_ws_128x32x64x128_2x1_16x16x32_0x0x0_c1x4_p3w2,0.0046,76.32,1275.26
gfx1250,256,64,3072,128,False,torch.bfloat16,torch.bfloat16,False,False,triton,0,0,4.9098,auto,0.0,10.25,243.6
gfx1250,256,64,3072,512,False,torch.bfloat16,torch.bfloat16,False,False,opus,20179,3,5.841,opus_gemm_gfx1250_splitk_clusterlaunch_tdm_ws_128x16x128x128_1x2_16x16x32_0x0x0_c1x3_p3w2,0.0012,34.47,617.1
gfx1250,256,64,3072,7168,False,torch.bfloat16,torch.bfloat16,False,False,opus,20273,5,11.9668,opus_gemm_gfx1250_splitk_clusterlaunch_tdm_ws_128x32x64x128_2x1_16x16x32_0x0x0_c1x4_p3w2,0.0104,235.53,3789.73
gfx1250,256,64,4608,1536,False,torch.bfloat16,torch.bfloat16,False,False,opus,20291,3,8.4366,opus_gemm_gfx1250_splitk_clusterlaunch_tdm_ws_128x32x64x256_2x1_16x16x32_0x0x0_c1x4_p3w2,0.0041,107.39,1771.12
gfx1250,256,64,6144,512,False,torch.bfloat16,torch.bfloat16,False,False,triton,0,0,6.1084,auto,0.0,65.92,1169.44
gfx1250,256,64,7168,768,False,torch.bfloat16,torch.bfloat16,False,False,triton,0,0,6.3628,auto,0.0,110.74,1890.03
gfx1250,256,64,7168,1536,False,torch.bfloat16,torch.bfloat16,False,False,triton,0,0,8.6123,auto,0.0,163.64,2686.18
gfx1250,256,64,7168,3072,False,torch.bfloat16,torch.bfloat16,False,False,triton,0,0,12.642,auto,0.0,222.95,3587.32
gfx1250,256,64,7168,4224,False,torch.bfloat16,torch.bfloat16,False,False,triton,0,0,15.239,auto,0.0,254.32,4069.39
gfx1250,256,64,7168,8448,False,torch.bfloat16,torch.bfloat16,False,False,triton,0,0,26.1535,auto,0.0,296.37,4707.19
gfx1250,256,64,8448,7168,False,torch.bfloat16,torch.bfloat16,False,False,opus,20341,3,21.2299,opus_gemm_gfx1250_splitk_clusterlaunch_tdm_ws_128x32x256x128_2x1_16x16x32_0x0x0_c1x3_p3w1,0.0084,365.1,5798.87
gfx1250,256,64,16896,7168,False,torch.bfloat16,torch.bfloat16,False,False,triton,0,0,38.0611,auto,0.0,407.3,6444.93
gfx1250,256,64,20480,7168,False,torch.bfloat16,torch.bfloat16,False,False,triton,0,0,53.9067,auto,0.0,348.57,5512.12
gfx1250,256,64,40960,7168,False,torch.bfloat16,torch.bfloat16,False,False,triton,0,0,112.4886,auto,0.0,334.09,5274.87
gfx1250,256,512,12,7168,False,torch.bfloat16,torch.bfloat16,False,False,opus,20002,6,8.7307,opus_gemm_gfx1250_splitk_cluster_tdm_ws_128x16x32x512_1x2_16x16x32_0x0x0_p3w1,0.0106,10.09,861.83
gfx1250,256,512,24,7168,False,torch.bfloat16,torch.bfloat16,False,False,opus,20002,12,9.2012,opus_gemm_gfx1250_splitk_cluster_tdm_ws_128x16x32x512_1x2_16x16x32_0x0x0_p3w1,0.0109,19.15,837.79
gfx1250,256,512,128,7168,False,torch.bfloat16,torch.bfloat16,False,False,opus,20255,5,8.5545,opus_gemm_gfx1250_splitk_clusterlaunch_tdm_ws_128x32x32x256_2x1_16x16x32_0x0x0_c1x4_p3w2,0.0107,109.83,1087.86
gfx1250,256,512,576,7168,False,torch.bfloat16,torch.bfloat16,False,False,opus,20395,6,11.9772,opus_gemm_gfx1250_splitk_clusterlaunch_tdm_ws_128x64x64x128_2x1_16x16x32_0x0x0_c1x3_p3w2,0.0107,352.99,1351.52
gfx1250,256,512,896,7168,False,torch.bfloat16,torch.bfloat16,False,False,opus,20381,2,17.1842,opus_gemm_gfx1250_splitk_clusterlaunch_tdm_ws_128x64x32x256_2x1_16x16x32_0x0x0_c1x4_p3w2,0.0061,382.72,1228.02
gfx1250,256,512,1536,128,False,torch.bfloat16,torch.bfloat16,False,False,triton,0,0,5.0241,auto,0.0,40.07,417.42
gfx1250,256,512,1536,7168,False,torch.bfloat16,torch.bfloat16,False,False,opus,20417,1,21.8335,opus_gemm_gfx1250_splitk_clusterlaunch_tdm_ws_128x64x64x256_2x1_16x16x32_0x0x0_c1x4_p3w1,0.0,516.38,1416.77
gfx1250,256,512,2304,1536,False,torch.bfloat16,torch.bfloat16,False,False,opus,20525,3,11.7456,opus_gemm_gfx1250_splitk_clusterlaunch_tdm_ws_128x128x64x128_2x1_16x16x32_0x0x0_c1x4_p3w2,0.0041,308.53,937.38
gfx1250,256,512,3072,128,False,torch.bfloat16,torch.bfloat16,False,False,triton,0,0,6.1421,auto,0.0,65.56,661.54
gfx1250,256,512,3072,512,False,torch.bfloat16,torch.bfloat16,False,False,opus,20525,0,9.627,opus_gemm_gfx1250_splitk_clusterlaunch_tdm_ws_128x128x64x128_2x1_16x16x32_0x0x0_c1x4_p3w2,0.0,167.3,707.98
gfx1250,256,512,3072,7168,False,torch.bfloat16,torch.bfloat16,False,False,opus,20561,2,31.8804,opus_gemm_gfx1250_splitk_clusterlaunch_tdm_ws_128x128x128x128_2x1_16x16x32_0x0x0_c1x4_p3w1,0.006,707.29,1710.33
gfx1250,256,512,4608,1536,False,torch.bfloat16,torch.bfloat16,False,False,opus,20561,0,17.5188,opus_gemm_gfx1250_splitk_clusterlaunch_tdm_ws_128x128x128x128_2x1_16x16x32_0x0x0_c1x4_p3w1,0.0,413.71,1167.16
gfx1250,256,512,6144,512,False,torch.bfloat16,torch.bfloat16,False,False,opus,20435,0,13.0551,opus_gemm_gfx1250_splitk_clusterlaunch_tdm_ws_128x64x128x128_2x1_16x16x32_0x0x0_c1x4_p3w2,0.0,246.74,1003.99
gfx1250,256,512,7168,768,False,torch.bfloat16,torch.bfloat16,False,False,opus,20561,1,15.6586,opus_gemm_gfx1250_splitk_clusterlaunch_tdm_ws_128x128x128x128_2x1_16x16x32_0x0x0_c1x4_p3w1,0.0,360.0,1222.11
gfx1250,256,512,7168,1536,False,torch.bfloat16,torch.bfloat16,False,False,opus,20561,0,20.2882,opus_gemm_gfx1250_splitk_clusterlaunch_tdm_ws_128x128x128x128_2x1_16x16x32_0x0x0_c1x4_p3w1,0.0,555.71,1524.68
gfx1250,256,512,7168,3072,False,torch.bfloat16,torch.bfloat16,False,False,opus,20561,0,30.5477,opus_gemm_gfx1250_splitk_clusterlaunch_tdm_ws_128x128x128x128_2x1_16x16x32_0x0x0_c1x4_p3w1,0.0,738.14,1784.94
gfx1250,256,512,7168,4224,False,torch.bfloat16,torch.bfloat16,False,False,opus,20561,0,38.3228,opus_gemm_gfx1250_splitk_clusterlaunch_tdm_ws_128x128x128x128_2x1_16x16x32_0x0x0_c1x4_p3w1,0.0,809.03,1884.54
gfx1250,256,512,7168,8448,False,torch.bfloat16,torch.bfloat16,False,False,opus,20561,0,69.7051,opus_gemm_gfx1250_splitk_clusterlaunch_tdm_ws_128x128x128x128_2x1_16x16x32_0x0x0_c1x4_p3w1,0.0,889.58,1966.88
gfx1250,256,512,8448,7168,False,torch.bfloat16,torch.bfloat16,False,False,opus,20557,3,84.4345,opus_gemm_gfx1250_splitk_clusterlaunch_tdm_ws_128x128x128x128_2x1_16x16x32_0x0x0_c1x3_p3w1,0.0084,734.4,1623.76
gfx1250,256,512,16896,7168,False,torch.bfloat16,torch.bfloat16,False,False,triton,0,0,187.8411,auto,0.0,660.22,1420.68
gfx1250,256,512,20480,7168,False,torch.bfloat16,torch.bfloat16,False,False,triton,0,0,218.987,auto,0.0,686.45,1470.01
gfx1250,256,512,40960,7168,False,torch.bfloat16,torch.bfloat16,False,False,triton,0,0,422.3545,auto,0.0,711.84,1506.99
gfx1250,256,1,12440,7168,False,torch.bfloat16,torch.bfloat16,False,False,triton,0,0,22.9227,auto,0.0,7.78,7781.76
gfx1250,256,2,12440,7168,False,torch.bfloat16,torch.bfloat16,False,False,triton,0,0,23.155,auto,0.0,15.4,7705.39
gfx1250,256,4,12440,7168,False,torch.bfloat16,torch.bfloat16,False,False,triton,0,0,23.3131,auto,0.0,30.6,7656.5
gfx1250,256,8,12440,7168,False,torch.bfloat16,torch.bfloat16,False,False,triton,0,0,23.6091,auto,0.0,60.43,7567.15
gfx1250,256,16,12440,7168,False,torch.bfloat16,torch.bfloat16,False,False,triton,0,0,25.2316,auto,0.0,113.09,7092.98
gfx1250,256,32,12440,7168,False,torch.bfloat16,torch.bfloat16,False,False,triton,0,0,26.7443,auto,0.0,213.39,6715.25
gfx1250,256,64,12440,7168,False,torch.bfloat16,torch.bfloat16,False,False,triton,0,0,34.4654,auto,0.0,331.17,5247.28
gfx1250,256,128,12440,7168,False,torch.bfloat16,torch.bfloat16,False,False,triton,0,0,57.4011,auto,0.0,397.68,3194.35
gfx1250,256,256,12440,7168,False,torch.bfloat16,torch.bfloat16,False,False,triton,0,0,99.7044,auto,0.0,457.9,1889.38
gfx1250,256,512,12440,7168,False,torch.bfloat16,torch.bfloat16,False,False,triton,0,0,164.6082,auto,0.0,554.71,1205.4
gfx1250,256,1024,12440,7168,False,torch.bfloat16,torch.bfloat16,False,False,triton,0,0,298.8241,auto,0.0,611.13,731.19
gfx1250,256,2048,12440,7168,False,torch.bfloat16,torch.bfloat16,False,False,triton,0,0,571.7798,auto,0.0,638.78,452.37
gfx1250,256,4096,12440,7168,False,torch.bfloat16,torch.bfloat16,False,False,triton,0,0,1124.254,auto,0.0,649.75,301.51
gfx1250,256,8192,12440,7168,False,torch.bfloat16,torch.bfloat16,False,False,triton,0,0,2237.2325,auto,0.0,653.02,223.31
gfx1250,256,16384,12440,7168,False,torch.bfloat16,torch.bfloat16,False,False,triton,0,0,4958.5079,auto,0.0,589.27,165.54
gfx950,256,1,896,7168,False,torch.bfloat16,torch.bfloat16,False,False,flydsl,291,7,6.0776,flydsl_hgemm_abf16_wbf16_bf16_t16x32x128x6_ks7_w1x2x1_bias0_ktail0_gm0_pft_gfx950,0.0212,2.11,2116.16
gfx950,256,2,896,7168,False,torch.bfloat16,torch.bfloat16,False,False,flydsl,307,7,6.0704,flydsl_hgemm_abf16_wbf16_bf16_t16x32x128x7_ks7_w1x2x1_bias0_ktail0_gm0_pft_gfx950,0.0184,4.23,2121.33
gfx950,256,4,896,7168,False,torch.bfloat16,torch.bfloat16,False,False,flydsl,275,7,6.0958,flydsl_hgemm_abf16_wbf16_bf16_t16x32x128x5_ks7_w1x2x1_bias0_ktail0_gm0_pft_gfx950,0.0184,8.43,2117.78
gfx950,256,8,896,7168,False,torch.bfloat16,torch.bfloat16,False,False,flydsl,291,7,6.2216,flydsl_hgemm_abf16_wbf16_bf16_t16x32x128x6_ks7_w1x2x1_bias0_ktail0_gm0_pft_gfx950,0.0188,16.52,2085.33
gfx950,256,16,896,7168,False,torch.bfloat16,torch.bfloat16,False,False,flydsl,307,7,6.5003,flydsl_hgemm_abf16_wbf16_bf16_t16x32x128x7_ks7_w1x2x1_bias0_ktail0_gm0_pft_gfx950,0.0183,31.62,2015.77
gfx950,256,32,896,7168,False,torch.bfloat16,torch.bfloat16,False,False,flydsl,2091,8,7.1501,flydsl_hgemm_abf16_wbf16_bf16_t32x32x64x8_ks8_w2x2x1_bias0_ktail0_gm0_pft_gfx950,0.0213,57.49,1868.67
gfx950,256,48,896,7168,False,torch.bfloat16,torch.bfloat16,False,False,flydsl,4744,8,7.9705,flydsl_hgemm_abf16_wbf16_bf16_t64x32x64x7_ks8_w4x1x1_bias0_ktail0_gm0_pft_gfx950,0.0205,77.36,1708.7
gfx950,256,64,896,7168,False,torch.bfloat16,torch.bfloat16,False,False,flydsl,4611,8,8.6552,flydsl_hgemm_abf16_wbf16_bf16_t64x32x64x5_ks8_w4x1x1_bias0_ktail0_gm0_pft_gfx950,0.0214,94.98,1603.34
gfx950,256,128,896,7168,False,torch.bfloat16,torch.bfloat16,False,False,flydsl,2050,4,11.37,flydsl_hgemm_abf16_wbf16_bf16_t32x32x128x4_ks4_w2x2x1_bias0_ktail0_gm0_pft_gfx950,0.0137,144.61,1311.3
gfx950,256,256,896,7168,False,torch.bfloat16,torch.bfloat16,False,False,flydsl,4015,4,15.2528,flydsl_hgemm_abf16_wbf16_bf16_t64x32x128x3_ks4_w2x2x1_bias0_ktail0_gm0_pft_gfx950,0.0142,215.59,1112.83
gfx950,256,512,896,7168,False,torch.bfloat16,torch.bfloat16,False,False,asm,8,3,21.9749,_ZN5aiter39bf16gemm_fp32bf16_tn_96x64_splitk_cleanE,0.0106,299.28,960.3
gfx950,256,1024,896,7168,False,torch.bfloat16,torch.bfloat16,False,False,torch,0,0,27.9854,native,0.0,470.01,1049.12
gfx950,256,2048,896,7168,False,torch.bfloat16,torch.bfloat16,False,False,torch,0,0,50.4335,native,0.0,521.61,909.62
gfx950,256,4096,896,7168,False,torch.bfloat16,torch.bfloat16,False,False,flydsl,1,1,77.0759,flydsl_hgemm_abf16_wbf16_bf16_t128x128x128x2_ks1_w2x2x1_bias0_ktail0_gm0_pht_gfx950,0.0,682.62,1023.74
gfx950,256,8192,896,7168,False,torch.bfloat16,torch.bfloat16,False,False,torch,0,0,108.4399,native,0.0,970.37,1336.83
gfx950,256,16384,896,7168,False,torch.bfloat16,torch.bfloat16,False,False,torch,0,0,168.4662,native,0.0,1249.23,1644.76
gfx950,256,32768,896,7168,False,torch.bfloat16,torch.bfloat16,False,False,torch,0,0,325.8305,native,0.0,1291.8,1661.38
gfx950,256,1,7168,35840,False,torch.bfloat16,torch.bfloat16,False,False,torch,0,0,82.9714,native,0.0,6.19,6193.56
gfx950,256,2,7168,35840,False,torch.bfloat16,torch.bfloat16,False,False,flydsl,94,4,85.2097,flydsl_hgemm_abf16_wbf16_bf16_t16x128x64x5_ks4_w1x2x1_bias0_ktail0_gm0_pft_gfx950,0.0184,12.06,6031.88
gfx950,256,4,7168,35840,False,torch.bfloat16,torch.bfloat16,False,False,flydsl,354,4,85.868,flydsl_hgemm_abf16_wbf16_bf16_t16x64x128x2_ks4_w1x2x2_bias0_ktail0_gm0_pft_gfx950,0.0254,23.93,5987.64
gfx950,256,8,7168,35840,False,torch.bfloat16,torch.bfloat16,False,False,flydsl,112,4,85.5868,flydsl_hgemm_abf16_wbf16_bf16_t16x128x64x8_ks4_w1x2x1_bias0_ktail0_gm0_pft_gfx950,0.0186,48.03,6011.33
gfx950,256,16,7168,35840,False,torch.bfloat16,torch.bfloat16,False,False,flydsl,82,4,85.9572,flydsl_hgemm_abf16_wbf16_bf16_t16x128x64x3_ks4_w1x2x1_bias0_ktail0_gm0_pft_gfx950,0.0181,95.64,5993.43
gfx950,256,32,7168,35840,False,torch.bfloat16,torch.bfloat16,False,False,flydsl,563,4,87.5974,flydsl_hgemm_abf16_wbf16_bf16_t32x128x128x3_ks4_w2x2x1_bias0_ktail0_gm0_pft_gfx950,0.0177,187.7,5896.92
gfx950,256,48,7168,35840,False,torch.bfloat16,torch.bfloat16,False,False,flydsl,2066,4,95.6056,flydsl_hgemm_abf16_wbf16_bf16_t64x128x128x3_ks4_w1x4x1_bias0_ktail0_gm0_pft_gfx950,0.0175,257.96,5417.37
gfx950,256,64,7168,35840,False,torch.bfloat16,torch.bfloat16,False,False,flydsl,3262,2,108.5175,flydsl_hgemm_abf16_wbf16_bf16_t64x64x64x6_ks2_w2x4x1_bias0_ktail0_gm0_pft_gfx950,0.0087,303.02,4785.47
gfx950,256,128,7168,35840,False,torch.bfloat16,torch.bfloat16,False,False,flydsl,606,4,147.8768,flydsl_hgemm_abf16_wbf16_bf16_t128x64x64x5_ks4_w4x2x1_bias0_ktail0_gm0_pft_gfx950,0.0175,444.74,3548.98
gfx950,256,256,7168,35840,False,torch.bfloat16,torch.bfloat16,False,False,flydsl,117,1,312.004,flydsl_hgemm_abf16_wbf16_bf16_t128x128x64x5_ks1_w4x4x1_bias0_ktail0_gm0_pft_gfx950,0.0,421.58,1717.36
gfx950,256,512,7168,35840,False,torch.bfloat16,torch.bfloat16,False,False,flydsl,45,1,318.9959,flydsl_hgemm_abf16_wbf16_bf16_t128x128x64x4_ks1_w2x2x2_bias0_ktail0_gm0_pft_gfx950,0.0086,824.67,1748.74
gfx950,256,1024,7168,35840,False,torch.bfloat16,torch.bfloat16,False,False,flydsl,326,1,903.7508,flydsl_hgemm_abf16_wbf16_bf16_t64x128x64x2_ks1_w2x2x1_bias0_ktail0_gm0_pft_gfx950,0.0,582.17,665.98
gfx950,256,2048,7168,35840,False,torch.bfloat16,torch.bfloat16,False,False,asm,10,1,724.5066,_ZN5aiter24bf16gemm_bf16_tn_256x256E,0.0,1452.39,952.32
gfx950,256,4096,7168,35840,False,torch.bfloat16,torch.bfloat16,False,False,flydsl,1,1,1420.5601,flydsl_hgemm_abf16_wbf16_bf16_t256x256x64x2_ks1_w2x4x1_bias0_ktail0_gm4_pht_gfx950,0.0,1481.48,609.71
gfx950,256,8192,7168,35840,False,torch.bfloat16,torch.bfloat16,False,False,asm,10,1,2909.6195,_ZN5aiter24bf16gemm_bf16_tn_256x256E,0.0,1446.6,418.76
gfx950,256,16384,7168,35840,False,torch.bfloat16,torch.bfloat16,False,False,torch,0,0,5418.9996,native,0.0,1553.45,354.88
gfx950,256,32768,7168,35840,False,torch.bfloat16,torch.bfloat16,False,False,flydsl,1,1,11074.028,flydsl_hgemm_abf16_wbf16_bf16_t256x256x64x2_ks1_w2x4x1_bias0_ktail0_gm4_pht_gfx950,0.0,1520.34,300.92
gfx950,256,1,1536,1536,False,torch.bfloat16,torch.bfloat16,False,False,triton,0,0,4.8552,auto,0.0,0.97,973.13
gfx950,256,2,1536,1536,False,torch.bfloat16,torch.bfloat16,False,False,triton,0,0,4.8374,auto,0.0,1.95,977.98
gfx950,256,4,1536,1536,False,torch.bfloat16,torch.bfloat16,False,False,flydsl,136,1,4.7553,flydsl_hgemm_abf16_wbf16_bf16_t16x16x256x5_ks1_w1x1x2_bias0_ktail0_gm0_pft_gfx950,0.0039,3.97,997.45
gfx950,256,8,1536,1536,False,torch.bfloat16,torch.bfloat16,False,False,flydsl,133,1,5.3582,flydsl_hgemm_abf16_wbf16_bf16_t16x16x256x4_ks1_w1x1x2_bias0_ktail0_gm0_pft_gfx950,0.0042,7.05,889.8
gfx950,256,16,1536,1536,False,torch.bfloat16,torch.bfloat16,False,False,triton,0,0,4.9515,auto,0.0,15.25,972.82
gfx950,256,32,1536,1536,False,torch.bfloat16,torch.bfloat16,False,False,flydsl,127,1,5.5057,flydsl_hgemm_abf16_wbf16_bf16_t16x16x256x4_ks1_w1x1x2_bias0_ktail0_gm0_pft_gfx950,0.0031,27.43,892.75
gfx950,256,48,1536,1536,False,torch.bfloat16,torch.bfloat16,False,False,flydsl,1551,3,5.9753,flydsl_hgemm_abf16_wbf16_bf16_t32x32x64x6_ks3_w2x1x1_bias0_ktail0_gm0_pft_gfx950,0.0058,37.9,839.04
gfx950,256,64,1536,1536,False,torch.bfloat16,torch.bfloat16,False,False,flydsl,108,1,6.1847,flydsl_hgemm_abf16_wbf16_bf16_t16x16x128x6_ks1_w1x1x1_bias0_ktail0_gm0_pft_gfx950,0.0,48.83,826.52
gfx950,256,128,1536,1536,False,torch.bfloat16,torch.bfloat16,False,False,flydsl,2044,1,6.4868,flydsl_hgemm_abf16_wbf16_bf16_t32x32x128x4_ks1_w2x2x1_bias0_ktail0_gm0_pft_gfx950,0.0,93.11,848.65
gfx950,256,256,1536,1536,False,torch.bfloat16,torch.bfloat16,False,False,flydsl,3897,1,8.0717,flydsl_hgemm_abf16_wbf16_bf16_t64x32x128x4_ks1_w4x1x1_bias0_ktail0_gm0_pft_gfx950,0.0,149.65,779.45
gfx950,256,512,1536,1536,False,torch.bfloat16,torch.bfloat16,False,False,flydsl,3533,1,9.7963,flydsl_hgemm_abf16_wbf16_bf16_t64x64x64x6_ks1_w2x4x1_bias0_ktail0_gm0_pft_gfx950,0.0,246.62,802.78
gfx950,256,1024,1536,1536,False,torch.bfloat16,torch.bfloat16,False,False,flydsl,2380,1,12.9075,flydsl_hgemm_abf16_wbf16_bf16_t64x96x64x4_ks1_w2x2x1_bias0_ktail0_gm4_pft_gfx950,0.0,374.34,853.0
gfx950,256,2048,1536,1536,False,torch.bfloat16,torch.bfloat16,False,False,torch,0,0,17.4376,native,0.0,554.19,992.2
gfx950,256,4096,1536,1536,False,torch.bfloat16,torch.bfloat16,False,False,torch,0,0,26.9642,native,0.0,716.78,1108.3
gfx950,256,8192,1536,1536,False,torch.bfloat16,torch.bfloat16,False,False,torch,0,0,40.7494,native,0.0,948.6,1350.95
gfx950,256,16384,1536,1536,False,torch.bfloat16,torch.bfloat16,False,False,torch,0,0,77.3607,native,0.0,999.34,1362.21
gfx950,256,32768,1536,1536,False,torch.bfloat16,torch.bfloat16,False,False,flydsl,83,1,129.4013,flydsl_hgemm_abf16_wbf16_bf16_t256x256x64x2_ks1_w2x4x1_bias0_ktail0_gm4_pht_gfx950,0.0,1194.88,1592.3
gfx950,256,1,2048,512,False,torch.bfloat16,torch.bfloat16,False,False,flydsl,207,1,3.7114,flydsl_hgemm_abf16_wbf16_bf16_t16x32x64x9_ks1_w1x2x1_bias0_ktail0_gm0_pft_gfx950,0.0,0.57,566.44
gfx950,256,2,2048,512,False,torch.bfloat16,torch.bfloat16,False,False,flydsl,207,1,3.7231,flydsl_hgemm_abf16_wbf16_bf16_t16x32x64x9_ks1_w1x2x1_bias0_ktail0_gm0_pft_gfx950,0.0,1.13,566.03
gfx950,256,4,2048,512,False,torch.bfloat16,torch.bfloat16,False,False,flydsl,207,1,3.743,flydsl_hgemm_abf16_wbf16_bf16_t16x32x64x9_ks1_w1x2x1_bias0_ktail0_gm0_pft_gfx950,0.0,2.24,565.76
gfx950,256,8,2048,512,False,torch.bfloat16,torch.bfloat16,False,False,flydsl,207,1,3.7523,flydsl_hgemm_abf16_wbf16_bf16_t16x32x64x9_ks1_w1x2x1_bias0_ktail0_gm0_pft_gfx950,0.0,4.47,569.81
gfx950,256,16,2048,512,False,torch.bfloat16,torch.bfloat16,False,False,triton,0,0,3.4502,auto,0.0,9.73,631.58
gfx950,256,32,2048,512,False,torch.bfloat16,torch.bfloat16,False,False,flydsl,98,1,3.8552,flydsl_hgemm_abf16_wbf16_bf16_t16x16x128x5_ks1_w1x1x1_bias0_ktail0_gm0_pft_gfx950,0.0,17.41,586.48
gfx950,256,48,2048,512,False,torch.bfloat16,torch.bfloat16,False,False,flydsl,213,1,3.8762,flydsl_hgemm_abf16_wbf16_bf16_t16x32x64x9_ks1_w1x2x1_bias0_ktail0_gm0_pft_gfx950,0.0,25.97,604.44
gfx950,256,64,2048,512,False,torch.bfloat16,torch.bfloat16,False,False,flydsl,239,1,3.9641,flydsl_hgemm_abf16_wbf16_bf16_t16x32x64x9_ks1_w1x2x1_bias0_ktail0_gm0_pft_gfx950,0.0,33.86,611.7
gfx950,256,128,2048,512,False,torch.bfloat16,torch.bfloat16,False,False,flydsl,1220,1,4.4896,flydsl_hgemm_abf16_wbf16_bf16_t32x32x64x8_ks1_w2x1x1_bias0_ktail0_gm0_pft_gfx950,0.0,59.79,613.09
gfx950,256,256,2048,512,False,torch.bfloat16,torch.bfloat16,False,False,flydsl,1453,1,4.5931,flydsl_hgemm_abf16_wbf16_bf16_t32x64x64x6_ks1_w1x4x1_bias0_ktail0_gm0_pft_gfx950,0.0,116.89,741.95
gfx950,256,512,2048,512,False,torch.bfloat16,torch.bfloat16,False,False,flydsl,2383,1,5.5006,flydsl_hgemm_abf16_wbf16_bf16_t64x64x64x5_ks1_w2x2x1_bias0_ktail0_gm0_pft_gfx950,0.0,195.2,857.83
gfx950,256,1024,2048,512,False,torch.bfloat16,torch.bfloat16,False,False,flydsl,342,1,7.332,flydsl_hgemm_abf16_wbf16_bf16_t128x64x64x4_ks1_w4x2x1_bias0_ktail0_gm0_pft_gfx950,0.0,292.89,1001.1
gfx950,256,2048,2048,512,False,torch.bfloat16,torch.bfloat16,False,False,flydsl,34,1,10.7168,flydsl_hgemm_abf16_wbf16_bf16_t128x128x64x3_ks1_w4x2x1_bias0_ktail0_gm0_pft_gfx950,0.0,400.77,1174.13
gfx950,256,4096,2048,512,False,torch.bfloat16,torch.bfloat16,False,False,torch,0,0,13.6542,native,0.0,629.11,1689.49
gfx950,256,8192,2048,512,False,torch.bfloat16,torch.bfloat16,False,False,torch,0,0,21.2764,native,0.0,807.46,2069.91
gfx950,256,16384,2048,512,False,torch.bfloat16,torch.bfloat16,False,False,torch,0,0,40.8326,native,0.0,841.48,2105.75
gfx950,256,32768,2048,512,False,torch.bfloat16,torch.bfloat16,False,False,torch,0,0,79.6461,native,0.0,862.81,2132.8
gfx950,256,1,3584,7168,False,torch.bfloat16,torch.bfloat16,False,False,flydsl,130,1,11.6877,flydsl_hgemm_abf16_wbf16_bf16_t16x16x256x5_ks1_w1x1x2_bias0_ktail0_gm0_pft_gfx950,0.0047,4.4,4397.93
gfx950,256,2,3584,7168,False,torch.bfloat16,torch.bfloat16,False,False,flydsl,130,1,11.2928,flydsl_hgemm_abf16_wbf16_bf16_t16x16x256x5_ks1_w1x1x2_bias0_ktail0_gm0_pft_gfx950,0.0045,9.1,4553.63
gfx950,256,4,3584,7168,False,torch.bfloat16,torch.bfloat16,False,False,flydsl,130,1,11.1413,flydsl_hgemm_abf16_wbf16_bf16_t16x16x256x5_ks1_w1x1x2_bias0_ktail0_gm0_pft_gfx950,0.0043,18.45,4619.41
gfx950,256,8,3584,7168,False,torch.bfloat16,torch.bfloat16,False,False,flydsl,127,1,11.9889,flydsl_hgemm_abf16_wbf16_bf16_t16x16x256x4_ks1_w1x1x2_bias0_ktail0_gm0_pft_gfx950,0.005,34.29,4300.0
gfx950,256,16,3584,7168,False,torch.bfloat16,torch.bfloat16,False,False,flydsl,672,4,12.4981,flydsl_hgemm_abf16_wbf16_bf16_t16x64x64x8_ks4_w1x2x1_bias0_ktail0_gm0_pft_gfx950,0.014,65.78,4138.57
gfx950,256,32,3584,7168,False,torch.bfloat16,torch.bfloat16,False,False,flydsl,1575,4,13.2864,flydsl_hgemm_abf16_wbf16_bf16_t32x64x128x4_ks4_w1x4x1_bias0_ktail0_gm0_pft_gfx950,0.0139,123.75,3918.92
gfx950,256,48,3584,7168,False,torch.bfloat16,torch.bfloat16,False,False,flydsl,2209,4,14.8417,flydsl_hgemm_abf16_wbf16_bf16_t48x64x128x4_ks4_w1x4x1_bias0_ktail0_gm0_pft_gfx950,0.0134,166.17,3531.43
gfx950,256,64,3584,7168,False,torch.bfloat16,torch.bfloat16,False,False,flydsl,4011,4,16.2341,flydsl_hgemm_abf16_wbf16_bf16_t64x64x64x8_ks4_w4x2x1_bias0_ktail0_gm0_pft_gfx950,0.0139,202.56,3249.73
gfx950,256,128,3584,7168,False,torch.bfloat16,torch.bfloat16,False,False,flydsl,3787,4,21.8623,flydsl_hgemm_abf16_wbf16_bf16_t64x64x64x4_ks4_w2x2x1_bias0_ktail0_gm0_pft_gfx950,0.0135,300.82,2476.08
gfx950,256,256,3584,7168,False,torch.bfloat16,torch.bfloat16,False,False,flydsl,2117,4,32.1975,flydsl_hgemm_abf16_wbf16_bf16_t64x128x64x3_ks4_w1x2x2_bias0_ktail0_gm0_pft_gfx950,0.0216,408.52,1766.76
gfx950,256,512,3584,7168,False,torch.bfloat16,torch.bfloat16,False,False,flydsl,2285,1,46.8774,flydsl_hgemm_abf16_wbf16_bf16_t96x96x64x5_ks1_w2x2x1_bias0_ktail0_gm0_pft_gfx950,0.0,561.18,1330.92
gfx950,256,1024,3584,7168,False,torch.bfloat16,torch.bfloat16,False,False,flydsl,48,1,67.0905,flydsl_hgemm_abf16_wbf16_bf16_t128x128x64x4_ks1_w4x2x1_bias0_ktail0_gm0_pft_gfx950,0.0,784.21,1094.05
gfx950,256,2048,3584,7168,False,torch.bfloat16,torch.bfloat16,False,False,opus,1401,0,107.9749,opus_gemm_mono_tile_512x128x256x64_2x4_16x16x32_0x0x0_nooob,0.0,974.55,883.73
gfx950,256,4096,3584,7168,False,torch.bfloat16,torch.bfloat16,False,False,flydsl,81,1,162.1948,flydsl_hgemm_abf16_wbf16_bf16_t256x256x64x2_ks1_w2x4x1_bias0_ktail0_gm0_pht_gfx950,0.0,1297.53,859.83
gfx950,256,8192,3584,7168,False,torch.bfloat16,torch.bfloat16,False,False,flydsl,83,1,301.0923,flydsl_hgemm_abf16_wbf16_bf16_t256x256x64x2_ks1_w2x4x1_bias0_ktail0_gm4_pht_gfx950,0.0,1397.93,755.72
gfx950,256,16384,3584,7168,False,torch.bfloat16,torch.bfloat16,False,False,flydsl,83,1,599.7255,flydsl_hgemm_abf16_wbf16_bf16_t256x256x64x2_ks1_w2x4x1_bias0_ktail0_gm4_pht_gfx950,0.0,1403.66,673.14
gfx950,256,32768,3584,7168,False,torch.bfloat16,torch.bfloat16,False,False,torch,0,0,1100.9988,native,0.0,1529.18,686.67
gfx950,256,1,7168,1024,False,torch.bfloat16,torch.bfloat16,False,False,flydsl,166,1,5.5317,flydsl_hgemm_abf16_wbf16_bf16_t16x32x128x5_ks1_w1x2x1_bias0_ktail0_gm0_pft_gfx950,0.0,2.65,2656.77
gfx950,256,1,7168,1792,False,torch.bfloat16,torch.bfloat16,False,False,flydsl,169,1,7.32,flydsl_hgemm_abf16_wbf16_bf16_t16x32x128x5_ks1_w1x2x1_bias0_ktail0_gm0_pft_gfx950,0.0,3.51,3512.03
gfx950,256,2,7168,1024,False,torch.bfloat16,torch.bfloat16,False,False,flydsl,244,1,5.5624,flydsl_hgemm_abf16_wbf16_bf16_t16x32x64x8_ks1_w1x2x1_bias0_ktail0_gm0_pft_gfx950,0.0,5.28,2645.05
gfx950,256,2,7168,1792,False,torch.bfloat16,torch.bfloat16,False,False,flydsl,252,1,6.7813,flydsl_hgemm_abf16_wbf16_bf16_t16x32x64x8_ks1_w1x2x1_bias0_ktail0_gm0_pft_gfx950,0.0,7.58,3793.66
gfx950,256,4,7168,1024,False,torch.bfloat16,torch.bfloat16,False,False,flydsl,166,1,5.5645,flydsl_hgemm_abf16_wbf16_bf16_t16x32x128x5_ks1_w1x2x1_bias0_ktail0_gm0_pft_gfx950,0.0,10.55,2649.94
gfx950,256,4,7168,1792,False,torch.bfloat16,torch.bfloat16,False,False,flydsl,252,1,6.817,flydsl_hgemm_abf16_wbf16_bf16_t16x32x64x8_ks1_w1x2x1_bias0_ktail0_gm0_pft_gfx950,0.0,15.07,3779.05
gfx950,256,8,7168,1024,False,torch.bfloat16,torch.bfloat16,False,False,flydsl,173,1,5.5646,flydsl_hgemm_abf16_wbf16_bf16_t16x32x128x6_ks1_w1x2x1_bias0_ktail0_gm0_pft_gfx950,0.0,21.1,2661.67
gfx950,256,8,7168,1792,False,torch.bfloat16,torch.bfloat16,False,False,flydsl,176,1,7.2829,flydsl_hgemm_abf16_wbf16_bf16_t16x32x128x6_ks1_w1x2x1_bias0_ktail0_gm0_pft_gfx950,0.0,28.22,3547.14
gfx950,256,16,7168,1024,False,torch.bfloat16,torch.bfloat16,False,False,flydsl,244,1,5.6458,flydsl_hgemm_abf16_wbf16_bf16_t16x32x64x8_ks1_w1x2x1_bias0_ktail0_gm0_pft_gfx950,0.0,41.6,2646.61
gfx950,256,16,7168,1792,False,torch.bfloat16,torch.bfloat16,False,False,flydsl,176,1,7.4282,flydsl_hgemm_abf16_wbf16_bf16_t16x32x128x6_ks1_w1x2x1_bias0_ktail0_gm0_pft_gfx950,0.0,55.34,3497.06
gfx950,256,32,7168,1024,False,torch.bfloat16,torch.bfloat16,False,False,triton,0,0,5.9645,auto,0.0,78.76,2549.14
gfx950,256,32,7168,1792,False,torch.bfloat16,torch.bfloat16,False,False,triton,0,0,7.5005,auto,0.0,109.6,3501.57
gfx950,256,48,7168,1024,False,torch.bfloat16,torch.bfloat16,False,False,flydsl,2370,1,6.8723,flydsl_hgemm_abf16_wbf16_bf16_t64x32x64x8_ks1_w4x1x1_bias0_ktail0_gm0_pft_gfx950,0.0,102.53,2250.56
gfx950,256,48,7168,1792,False,torch.bfloat16,torch.bfloat16,False,False,flydsl,1438,1,8.7933,flydsl_hgemm_abf16_wbf16_bf16_t48x32x128x4_ks1_w1x2x2_bias0_ktail0_gm0_pft_gfx950,0.0033,140.23,3019.38
gfx950,256,64,7168,1024,False,torch.bfloat16,torch.bfloat16,False,False,triton,0,0,6.7447,auto,0.0,139.3,2332.0
gfx950,256,64,7168,1792,False,torch.bfloat16,torch.bfloat16,False,False,triton,0,0,9.4945,auto,0.0,173.17,2826.58
gfx950,256,128,7168,1024,False,torch.bfloat16,torch.bfloat16,False,False,flydsl,2688,1,7.8521,flydsl_hgemm_abf16_wbf16_bf16_t64x64x64x6_ks1_w2x4x1_bias0_ktail0_gm0_pft_gfx950,0.0,239.31,2136.65
gfx950,256,128,7168,1792,False,torch.bfloat16,torch.bfloat16,False,False,flydsl,2671,1,12.0593,flydsl_hgemm_abf16_wbf16_bf16_t64x64x64x8_ks1_w4x2x1_bias0_ktail0_gm0_pft_gfx950,0.0,272.68,2320.52
gfx950,256,256,7168,1024,False,torch.bfloat16,torch.bfloat16,False,False,flydsl,372,1,10.6564,flydsl_hgemm_abf16_wbf16_bf16_t128x64x64x4_ks1_w4x2x1_bias0_ktail0_gm0_pft_gfx950,0.0,352.66,1771.18
gfx950,256,256,7168,1792,False,torch.bfloat16,torch.bfloat16,False,False,flydsl,374,1,15.6536,flydsl_hgemm_abf16_wbf16_bf16_t128x64x64x5_ks1_w4x2x1_bias0_ktail0_gm0_pft_gfx950,0.0,420.14,1934.23
gfx950,256,512,7168,1024,False,torch.bfloat16,torch.bfloat16,False,False,flydsl,38,1,14.426,flydsl_hgemm_abf16_wbf16_bf16_t128x128x64x3_ks1_w4x4x1_bias0_ktail0_gm0_pft_gfx950,0.0,521.02,1599.1
gfx950,256,512,7168,1792,False,torch.bfloat16,torch.bfloat16,False,False,flydsl,36,1,20.8628,flydsl_hgemm_abf16_wbf16_bf16_t128x128x64x3_ks1_w4x4x1_bias0_ktail0_gm0_pft_gfx950,0.0,630.47,1671.16
gfx950,256,1024,7168,1024,False,torch.bfloat16,torch.bfloat16,False,False,flydsl,20,1,21.3444,flydsl_hgemm_abf16_wbf16_bf16_t128x128x64x2_ks1_w2x4x1_bias0_ktail0_gm0_pft_gfx950,0.0,704.28,1473.8
gfx950,256,1024,7168,1792,False,torch.bfloat16,torch.bfloat16,False,False,flydsl,209,1,31.4968,flydsl_hgemm_abf16_wbf16_bf16_t256x128x64x3_ks1_w4x4x1_bias0_ktail0_gm0_pft_gfx950,0.0,835.22,1398.24
gfx950,256,2048,7168,1024,False,torch.bfloat16,torch.bfloat16,False,False,flydsl,81,1,29.7206,flydsl_hgemm_abf16_wbf16_bf16_t256x256x64x2_ks1_w2x4x1_bias0_ktail0_gm0_pht_gfx950,0.0,1011.58,1622.93
gfx950,256,2048,7168,1792,False,torch.bfloat16,torch.bfloat16,False,False,flydsl,81,1,44.9845,flydsl_hgemm_abf16_wbf16_bf16_t256x256x64x2_ks1_w2x4x1_bias0_ktail0_gm0_pht_gfx950,0.0,1169.59,1386.93
gfx950,256,4096,7168,1024,False,torch.bfloat16,torch.bfloat16,False,False,flydsl,83,1,60.954,flydsl_hgemm_abf16_wbf16_bf16_t256x256x64x2_ks1_w2x4x1_bias0_ktail0_gm4_pht_gfx950,0.0,986.47,1341.81
gfx950,256,4096,7168,1792,False,torch.bfloat16,torch.bfloat16,False,False,flydsl,83,1,95.8611,flydsl_hgemm_abf16_wbf16_bf16_t256x256x64x2_ks1_w2x4x1_bias0_ktail0_gm4_pht_gfx950,0.0,1097.7,1033.69
gfx950,256,8192,7168,1024,False,torch.bfloat16,torch.bfloat16,False,False,asm,10,1,118.6615,_ZN5aiter24bf16gemm_bf16_tn_256x256E,0.0,1013.46,1254.81
gfx950,256,8192,7168,1792,False,torch.bfloat16,torch.bfloat16,False,False,asm,10,1,179.6477,_ZN5aiter24bf16gemm_bf16_tn_256x256E,0.0,1171.48,960.16
gfx950,256,16384,7168,1024,False,torch.bfloat16,torch.bfloat16,False,False,asm,10,1,209.0196,_ZN5aiter24bf16gemm_bf16_tn_256x256E,0.0,1150.7,1354.49
gfx950,256,16384,7168,1792,False,torch.bfloat16,torch.bfloat16,False,False,torch,0,0,310.0445,native,0.0,1357.57,1029.82
gfx950,256,32768,7168,1024,False,torch.bfloat16,torch.bfloat16,False,False,torch,0,0,382.655,native,0.0,1257.1,1441.38
gfx950,256,32768,7168,1792,False,torch.bfloat16,torch.bfloat16,False,False,torch,0,0,622.2538,native,0.0,1352.85,984.96
gfx950,256,8,896,3584,False,torch.bfloat16,torch.bfloat16,False,False,flydsl,403,7,5.4581,flydsl_hgemm_abf16_wbf16_bf16_t16x32x64x8_ks7_w1x1x1_bias0_ktail0_gm0_pft_gfx950,0.0197,9.41,1189.83
gfx950,256,16,896,3584,False,torch.bfloat16,torch.bfloat16,False,False,flydsl,403,7,5.6084,flydsl_hgemm_abf16_wbf16_bf16_t16x32x64x8_ks7_w1x1x1_bias0_ktail0_gm0_pft_gfx950,0.0188,18.32,1170.72
gfx950,256,32,896,3584,False,torch.bfloat16,torch.bfloat16,False,False,flydsl,1706,7,6.0403,flydsl_hgemm_abf16_wbf16_bf16_t32x32x64x7_ks7_w2x1x1_bias0_ktail0_gm0_pft_gfx950,0.0176,34.02,1110.75
gfx950,256,64,896,3584,False,torch.bfloat16,torch.bfloat16,False,False,flydsl,4061,8,7.0452,flydsl_hgemm_abf16_wbf16_bf16_t64x32x64x7_ks8_w2x2x1_bias0_ktail0_gm0_pft_gfx950,0.0183,58.34,993.01
gfx950,256,128,896,3584,False,torch.bfloat16,torch.bfloat16,False,False,flydsl,1900,2,8.668,flydsl_hgemm_abf16_wbf16_bf16_t32x32x128x4_ks2_w2x2x1_bias0_ktail0_gm0_pft_gfx950,0.0049,94.84,873.26
gfx950,256,48,896,3584,False,torch.bfloat16,torch.bfloat16,False,False,flydsl,4124,7,6.6418,flydsl_hgemm_abf16_wbf16_bf16_t64x32x64x8_ks7_w4x1x1_bias0_ktail0_gm0_pft_gfx950,0.018,46.42,1031.74
gfx950,256,80,896,3584,False,torch.bfloat16,torch.bfloat16,False,False,flydsl,4775,4,7.5743,flydsl_hgemm_abf16_wbf16_bf16_t64x32x64x8_ks4_w4x1x1_bias0_ktail0_gm0_pft_gfx950,0.012,67.83,942.57
gfx950,256,96,896,3584,False,torch.bfloat16,torch.bfloat16,False,False,flydsl,4822,4,7.8003,flydsl_hgemm_abf16_wbf16_bf16_t64x32x64x6_ks4_w4x1x1_bias0_ktail0_gm0_pft_gfx950,0.012,79.04,933.64
gfx950,256,256,896,3584,False,torch.bfloat16,torch.bfloat16,False,False,flydsl,1934,1,10.6452,flydsl_hgemm_abf16_wbf16_bf16_t32x32x128x4_ks1_w2x2x1_bias0_ktail0_gm0_pft_gfx950,0.0,154.45,818.8
gfx950,256,512,896,3584,False,torch.bfloat16,torch.bfloat16,False,False,flydsl,1966,1,14.1342,flydsl_hgemm_abf16_wbf16_bf16_t32x64x128x5_ks1_w2x2x2_bias0_ktail0_gm0_pft_gfx950,0.0045,232.65,778.97
gfx950,256,96,2112,7168,False,torch.bfloat16,torch.bfloat16,False,False,flydsl,5654,7,15.0475,flydsl_hgemm_abf16_wbf16_bf16_t96x64x64x5_ks7_w2x2x1_bias0_ktail0_gm0_pft_gfx950,0.0196,193.17,2130.55
gfx950,256,8,6288,7168,False,torch.bfloat16,torch.bfloat16,False,False,flydsl,168,1,17.3436,flydsl_hgemm_abf16_wbf16_bf16_t16x32x128x5_ks1_w1x2x1_bias0_ktail0_gm0_pft_gfx950,0.0,41.58,5209.99
gfx950,256,16,6288,7168,False,torch.bfloat16,torch.bfloat16,False,False,flydsl,168,1,18.4307,flydsl_hgemm_abf16_wbf16_bf16_t16x32x128x5_ks1_w1x2x1_bias0_ktail0_gm0_pft_gfx950,0.0,78.26,4914.37
gfx950,256,32,6288,7168,False,torch.bfloat16,torch.bfloat16,False,False,flydsl,1136,2,20.3562,flydsl_hgemm_abf16_wbf16_bf16_t32x64x128x5_ks2_w1x4x1_bias0_ktail0_gm0_pft_gfx950,0.0058,141.71,4470.67
gfx950,256,48,6288,7168,False,torch.bfloat16,torch.bfloat16,False,False,flydsl,1286,2,22.6014,flydsl_hgemm_abf16_wbf16_bf16_t48x64x128x3_ks2_w1x4x1_bias0_ktail0_gm0_pft_gfx950,0.0059,191.45,4045.61
gfx950,256,64,6288,7168,False,torch.bfloat16,torch.bfloat16,False,False,flydsl,2405,2,19.08,flydsl_hgemm_abf16_wbf16_bf16_t64x64x64x4_ks2_w4x2x1_bias0_ktail0_gm0_pft_gfx950,0.006,302.37,4814.84
gfx950,256,80,6288,7168,False,torch.bfloat16,torch.bfloat16,False,False,flydsl,1333,4,22.72,flydsl_hgemm_abf16_wbf16_bf16_t96x64x64x4_ks4_w2x2x1_bias0_ktail0_gm0_pft_gfx950,0.0136,317.41,4062.4
gfx950,256,96,6288,7168,False,torch.bfloat16,torch.bfloat16,False,False,flydsl,2695,2,24.2,flydsl_hgemm_abf16_wbf16_bf16_t96x64x64x4_ks2_w2x1x2_bias0_ktail0_gm0_pft_gfx950,0.014,357.6,3831.75
gfx950,256,112,6288,7168,False,torch.bfloat16,torch.bfloat16,False,False,flydsl,477,2,26.16,flydsl_hgemm_abf16_wbf16_bf16_t128x64x64x4_ks2_w4x2x1_bias0_ktail0_gm0_pft_gfx950,0.0061,385.94,3561.12
gfx950,256,128,6288,7168,False,torch.bfloat16,torch.bfloat16,False,False,flydsl,477,2,27.12,flydsl_hgemm_abf16_wbf16_bf16_t128x64x64x4_ks2_w4x2x1_bias0_ktail0_gm0_pft_gfx950,0.0062,425.46,3450.94
gfx950,256,256,6288,7168,False,torch.bfloat16,torch.bfloat16,False,False,flydsl,302,1,37.76,flydsl_hgemm_abf16_wbf16_bf16_t128x64x64x4_ks1_w4x2x1_bias0_ktail0_gm0_pft_gfx950,0.0,611.15,2569.76
gfx950,256,1024,6288,7168,False,torch.bfloat16,torch.bfloat16,False,False,flydsl,199,1,85.76,flydsl_hgemm_abf16_wbf16_bf16_t256x128x64x2_ks1_w2x4x1_bias0_ktail0_gm0_pht_gfx950,0.0,1076.36,1372.47
gfx950,256,2048,6288,7168,False,torch.bfloat16,torch.bfloat16,False,False,flydsl,81,1,157.5183,flydsl_hgemm_abf16_wbf16_bf16_t256x256x64x2_ks1_w2x4x1_bias0_ktail0_gm0_pht_gfx950,0.0,1172.03,922.18
gfx950,256,4096,6288,7168,False,torch.bfloat16,torch.bfloat16,False,False,flydsl,1,1,286.4736,flydsl_hgemm_abf16_wbf16_bf16_t256x256x64x2_ks1_w2x4x1_bias0_ktail0_gm4_pht_gfx950,0.0,1288.89,699.46
gfx950,256,8,1536,128,False,torch.bfloat16,torch.bfloat16,False,False,flydsl,11,1,2.6812,flydsl_hgemm_abf16_wbf16_bf16_t16x16x64x3_ks1_w1x1x1_bias0_ktail0_gm0_pft_gfx950,0.0,1.17,156.59
gfx950,256,16,1536,128,False,torch.bfloat16,torch.bfloat16,False,False,triton,0,0,2.5438,auto,0.0,2.47,175.51
gfx950,256,32,1536,128,False,torch.bfloat16,torch.bfloat16,False,False,flydsl,11,1,2.7295,flydsl_hgemm_abf16_wbf16_bf16_t16x16x64x3_ks1_w1x1x1_bias0_ktail0_gm0_pft_gfx950,0.0,4.61,183.08
gfx950,256,48,1536,128,False,torch.bfloat16,torch.bfloat16,False,False,flydsl,14,1,2.7599,flydsl_hgemm_abf16_wbf16_bf16_t16x16x64x3_ks1_w1x1x1_bias0_ktail0_gm0_pft_gfx950,0.0,6.84,200.36
gfx950,256,64,1536,128,False,torch.bfloat16,torch.bfloat16,False,False,triton,0,0,2.6261,auto,0.0,9.58,230.84
gfx950,256,80,1536,128,False,torch.bfloat16,torch.bfloat16,False,False,flydsl,137,1,2.8815,flydsl_hgemm_abf16_wbf16_bf16_t16x32x64x3_ks1_w1x1x1_bias0_ktail0_gm0_pft_gfx950,0.0,10.92,228.86
gfx950,256,96,1536,128,False,torch.bfloat16,torch.bfloat16,False,False,flydsl,160,1,2.8719,flydsl_hgemm_abf16_wbf16_bf16_t16x64x64x3_ks1_w1x2x1_bias0_ktail0_gm0_pft_gfx950,0.0,13.14,248.16
gfx950,256,128,1536,128,False,torch.bfloat16,torch.bfloat16,False,False,flydsl,145,1,2.9351,flydsl_hgemm_abf16_wbf16_bf16_t16x32x64x3_ks1_w1x2x1_bias0_ktail0_gm0_pft_gfx950,0.0,17.15,279.1
gfx950,256,256,1536,128,False,torch.bfloat16,torch.bfloat16,False,False,flydsl,320,1,3.106,flydsl_hgemm_abf16_wbf16_bf16_t32x64x64x3_ks1_w1x2x1_bias0_ktail0_gm0_pft_gfx950,0.0,32.41,400.9
gfx950,256,512,1536,128,False,torch.bfloat16,torch.bfloat16,False,False,flydsl,309,1,3.3982,flydsl_hgemm_abf16_wbf16_bf16_t32x64x64x3_ks1_w2x2x1_bias0_ktail0_gm0_pft_gfx950,0.0,59.25,617.14
gfx950,256,1024,1536,128,False,torch.bfloat16,torch.bfloat16,False,False,flydsl,259,1,4.2807,flydsl_hgemm_abf16_wbf16_bf16_t32x64x64x3_ks1_w1x4x1_bias0_ktail0_gm0_pft_gfx950,0.0,94.06,887.96
gfx950,256,2048,1536,128,False,torch.bfloat16,torch.bfloat16,False,False,flydsl,366,1,5.3732,flydsl_hgemm_abf16_wbf16_bf16_t64x64x64x3_ks1_w2x2x1_bias0_ktail0_gm0_pft_gfx950,0.0,149.87,1341.65
gfx950,256,4096,7168,4224,False,torch.bfloat16,torch.bfloat16,False,False,flydsl,1,1,186.5394,flydsl_hgemm_abf16_wbf16_bf16_t256x256x64x2_ks1_w2x4x1_bias0_ktail0_gm4_pht_gfx950,0.0,1329.66,824.91
